# Pathway	CSM5FZ4G_P_Coverage
UNMAPPED	1.0000000000
UNINTEGRATED	1.0000000000
UNINTEGRATED|g__Alistipes.s__Alistipes_onderdonkii	1.0000000000
UNINTEGRATED|g__Alistipes.s__Alistipes_putredinis	1.0000000000
UNINTEGRATED|g__Bacteroides.s__Bacteroides_dorei	1.0000000000
UNINTEGRATED|g__Bacteroides.s__Bacteroides_ovatus	1.0000000000
UNINTEGRATED|g__Bacteroides.s__Bacteroides_salyersiae	1.0000000000
UNINTEGRATED|g__Bacteroides.s__Bacteroides_thetaiotaomicron	1.0000000000
UNINTEGRATED|g__Bacteroides.s__Bacteroides_uniformis	1.0000000000
UNINTEGRATED|g__Bacteroides.s__Bacteroides_xylanisolvens	1.0000000000
UNINTEGRATED|g__Blautia.s__Ruminococcus_gnavus	1.0000000000
UNINTEGRATED|g__Collinsella.s__Collinsella_tanakaei	1.0000000000
UNINTEGRATED|g__Eubacterium.s__Eubacterium_hallii	1.0000000000
UNINTEGRATED|g__Eubacterium.s__Eubacterium_siraeum	1.0000000000
UNINTEGRATED|g__Faecalibacterium.s__Faecalibacterium_prausnitzii	1.0000000000
UNINTEGRATED|g__Lachnospiraceae_noname.s__Lachnospiraceae_bacterium_2_1_58FAA	1.0000000000
UNINTEGRATED|g__Lachnospiraceae_noname.s__Lachnospiraceae_bacterium_7_1_58FAA	1.0000000000
UNINTEGRATED|g__Parabacteroides.s__Parabacteroides_distasonis	1.0000000000
UNINTEGRATED|g__Parabacteroides.s__Parabacteroides_johnsonii	1.0000000000
UNINTEGRATED|g__Ruminococcus.s__Ruminococcus_bromii	1.0000000000
UNINTEGRATED|unclassified	1.0000000000
PWY-7219: adenosine ribonucleotides de novo biosynthesis	1.0000000000
PWY-7219: adenosine ribonucleotides de novo biosynthesis|g__Bacteroides.s__Bacteroides_uniformis	1.0000000000
PWY-7219: adenosine ribonucleotides de novo biosynthesis|g__Bacteroides.s__Bacteroides_ovatus	0.9999999999
PWY-7219: adenosine ribonucleotides de novo biosynthesis|g__Bacteroides.s__Bacteroides_dorei	0.9988781778
PWY-7219: adenosine ribonucleotides de novo biosynthesis|g__Alistipes.s__Alistipes_putredinis	0.9797168728
PWY-7219: adenosine ribonucleotides de novo biosynthesis|g__Bacteroides.s__Bacteroides_thetaiotaomicron	0.9997781456
PWY-7219: adenosine ribonucleotides de novo biosynthesis|unclassified	0.6905981198
PWY-7219: adenosine ribonucleotides de novo biosynthesis|g__Ruminococcus.s__Ruminococcus_bromii	0.5934288674
PWY-7219: adenosine ribonucleotides de novo biosynthesis|g__Bacteroides.s__Bacteroides_xylanisolvens	0.0015670082
PWY-7219: adenosine ribonucleotides de novo biosynthesis|g__Parabacteroides.s__Parabacteroides_johnsonii	0.7442307999
PWY-7219: adenosine ribonucleotides de novo biosynthesis|g__Bacteroides.s__Bacteroides_salyersiae	0.0008695202
PWY-7219: adenosine ribonucleotides de novo biosynthesis|g__Parabacteroides.s__Parabacteroides_distasonis	0.0173791428
PWY-7219: adenosine ribonucleotides de novo biosynthesis|g__Eubacterium.s__Eubacterium_siraeum	0.6195776018
PWY-7219: adenosine ribonucleotides de novo biosynthesis|g__Faecalibacterium.s__Faecalibacterium_prausnitzii	0.0749299440
PWY-7219: adenosine ribonucleotides de novo biosynthesis|g__Lachnospiraceae_noname.s__Lachnospiraceae_bacterium_7_1_58FAA	0.7329582811
PWY-7219: adenosine ribonucleotides de novo biosynthesis|g__Alistipes.s__Alistipes_onderdonkii	0.0000000391
PWY-7219: adenosine ribonucleotides de novo biosynthesis|g__Collinsella.s__Collinsella_tanakaei	0.7552263615
PWY-7219: adenosine ribonucleotides de novo biosynthesis|g__Eubacterium.s__Eubacterium_hallii	0.0000700578
PWY-7219: adenosine ribonucleotides de novo biosynthesis|g__Blautia.s__Ruminococcus_gnavus	0.0810162061
PWY-7219: adenosine ribonucleotides de novo biosynthesis|g__Lachnospiraceae_noname.s__Lachnospiraceae_bacterium_2_1_58FAA	0.0120305193
ANAGLYCOLYSIS-PWY: glycolysis III (from glucose)	0.8232067286
ANAGLYCOLYSIS-PWY: glycolysis III (from glucose)|g__Bacteroides.s__Bacteroides_ovatus	0.0000000000
PWY-7221: guanosine ribonucleotides de novo biosynthesis	1.0000000000
PWY-7221: guanosine ribonucleotides de novo biosynthesis|g__Bacteroides.s__Bacteroides_dorei	0.0000031445
PWY-7221: guanosine ribonucleotides de novo biosynthesis|g__Bacteroides.s__Bacteroides_ovatus	0.0000000032
PWY-7221: guanosine ribonucleotides de novo biosynthesis|g__Alistipes.s__Alistipes_putredinis	0.0000000000
PWY-7221: guanosine ribonucleotides de novo biosynthesis|g__Ruminococcus.s__Ruminococcus_bromii	0.0000000281
PWY-7221: guanosine ribonucleotides de novo biosynthesis|g__Parabacteroides.s__Parabacteroides_distasonis	0.0000002322
PWY-7221: guanosine ribonucleotides de novo biosynthesis|g__Parabacteroides.s__Parabacteroides_johnsonii	0.0004506366
PWY-7221: guanosine ribonucleotides de novo biosynthesis|g__Blautia.s__Ruminococcus_gnavus	0.5736211689
PWY-7221: guanosine ribonucleotides de novo biosynthesis|g__Lachnospiraceae_noname.s__Lachnospiraceae_bacterium_2_1_58FAA	0.7060367284
NONMEVIPP-PWY: methylerythritol phosphate pathway I	0.9774621003
NONMEVIPP-PWY: methylerythritol phosphate pathway I|g__Alistipes.s__Alistipes_putredinis	0.0000021637
NONMEVIPP-PWY: methylerythritol phosphate pathway I|g__Bacteroides.s__Bacteroides_ovatus	0.0000000000
PWY-1042: glycolysis IV (plant cytosol)	0.7563481011
PWY-1042: glycolysis IV (plant cytosol)|g__Bacteroides.s__Bacteroides_ovatus	0.0000000000
PWY-5667: CDP-diacylglycerol biosynthesis I	1.0000000000
PWY-5667: CDP-diacylglycerol biosynthesis I|g__Bacteroides.s__Bacteroides_uniformis	1.0000000000
PWY-5667: CDP-diacylglycerol biosynthesis I|g__Faecalibacterium.s__Faecalibacterium_prausnitzii	0.9993179334
PWY-5667: CDP-diacylglycerol biosynthesis I|g__Bacteroides.s__Bacteroides_salyersiae	0.0189161498
PWY-5667: CDP-diacylglycerol biosynthesis I|g__Parabacteroides.s__Parabacteroides_johnsonii	0.0025574054
PWY-5667: CDP-diacylglycerol biosynthesis I|g__Ruminococcus.s__Ruminococcus_bromii	0.0000000051
PWY0-1319: CDP-diacylglycerol biosynthesis II	1.0000000000
PWY0-1319: CDP-diacylglycerol biosynthesis II|g__Bacteroides.s__Bacteroides_uniformis	1.0000000000
PWY0-1319: CDP-diacylglycerol biosynthesis II|g__Faecalibacterium.s__Faecalibacterium_prausnitzii	0.9993179334
PWY0-1319: CDP-diacylglycerol biosynthesis II|g__Bacteroides.s__Bacteroides_salyersiae	0.0189161498
PWY0-1319: CDP-diacylglycerol biosynthesis II|g__Parabacteroides.s__Parabacteroides_johnsonii	0.0025574054
PWY0-1319: CDP-diacylglycerol biosynthesis II|g__Ruminococcus.s__Ruminococcus_bromii	0.0000000051
PWY66-400: glycolysis VI (metazoan)	0.7212035769
PWY-6123: inosine-5'-phosphate biosynthesis I	0.9999930261
PWY-6123: inosine-5'-phosphate biosynthesis I|g__Bacteroides.s__Bacteroides_ovatus	0.0000000007
PWY-6123: inosine-5'-phosphate biosynthesis I|g__Eubacterium.s__Eubacterium_siraeum	0.0109743125
PWY-6124: inosine-5'-phosphate biosynthesis II	0.9999916313
PWY-6124: inosine-5'-phosphate biosynthesis II|g__Bacteroides.s__Bacteroides_xylanisolvens	1.0000000000
PWY-6124: inosine-5'-phosphate biosynthesis II|g__Bacteroides.s__Bacteroides_ovatus	0.0000000005
PWY-6124: inosine-5'-phosphate biosynthesis II|g__Faecalibacterium.s__Faecalibacterium_prausnitzii	0.0034759704
PWY-6124: inosine-5'-phosphate biosynthesis II|g__Bacteroides.s__Bacteroides_thetaiotaomicron	0.0118541821
PWY-6124: inosine-5'-phosphate biosynthesis II|g__Eubacterium.s__Eubacterium_siraeum	0.0117512243
GLYCOLYSIS: glycolysis I (from glucose 6-phosphate)	0.0000000000
PWY-7228: superpathway of guanosine nucleotides de novo biosynthesis I	0.6207453013
PWY-7228: superpathway of guanosine nucleotides de novo biosynthesis I|g__Parabacteroides.s__Parabacteroides_distasonis	0.0000000001
PWY-2942: L-lysine biosynthesis III	0.9989875311
PWY-2942: L-lysine biosynthesis III|g__Bacteroides.s__Bacteroides_uniformis	0.0005136802
PWY-2942: L-lysine biosynthesis III|g__Bacteroides.s__Bacteroides_dorei	0.0000005498
PWY-2942: L-lysine biosynthesis III|g__Bacteroides.s__Bacteroides_ovatus	0.0000000000
PWY-2942: L-lysine biosynthesis III|g__Parabacteroides.s__Parabacteroides_johnsonii	0.0446153755
PWY-2942: L-lysine biosynthesis III|g__Bacteroides.s__Bacteroides_salyersiae	0.0000000002
PWY-5484: glycolysis II (from fructose 6-phosphate)	0.0000000000
NONOXIPENT-PWY: pentose phosphate pathway (non-oxidative branch)	0.9159057297
NONOXIPENT-PWY: pentose phosphate pathway (non-oxidative branch)|g__Eubacterium.s__Eubacterium_siraeum	0.7284787756
NONOXIPENT-PWY: pentose phosphate pathway (non-oxidative branch)|g__Faecalibacterium.s__Faecalibacterium_prausnitzii	0.0006079156
NONOXIPENT-PWY: pentose phosphate pathway (non-oxidative branch)|g__Bacteroides.s__Bacteroides_thetaiotaomicron	0.0021990563
PWY-5097: L-lysine biosynthesis VI	0.9905645576
PWY-5097: L-lysine biosynthesis VI|g__Bacteroides.s__Bacteroides_uniformis	0.0000000000
PWY-5097: L-lysine biosynthesis VI|g__Bacteroides.s__Bacteroides_salyersiae	0.0000000003
PWY-6609: adenine and adenosine salvage III	0.9483522695
PWY-6609: adenine and adenosine salvage III|g__Bacteroides.s__Bacteroides_ovatus	0.0000000009
PWY-6609: adenine and adenosine salvage III|g__Faecalibacterium.s__Faecalibacterium_prausnitzii	0.2696884535
PWY-3841: folate transformations II	0.8131168818
PWY-3841: folate transformations II|g__Bacteroides.s__Bacteroides_ovatus	0.1088604892
PWY-3841: folate transformations II|g__Bacteroides.s__Bacteroides_uniformis	0.0000000000
PWY-7197: pyrimidine deoxyribonucleotide phosphorylation	0.0094595963
PWY-5659: GDP-mannose biosynthesis	0.2679387343
PWY-5659: GDP-mannose biosynthesis|g__Bacteroides.s__Bacteroides_xylanisolvens	0.6958158494
PWY-5659: GDP-mannose biosynthesis|g__Bacteroides.s__Bacteroides_ovatus	0.0000000000
PWY66-399: gluconeogenesis III	0.0000000000
CALVIN-PWY: Calvin-Benson-Bassham cycle	0.0000000000
CALVIN-PWY: Calvin-Benson-Bassham cycle|g__Ruminococcus.s__Ruminococcus_bromii	0.0000000000
CALVIN-PWY: Calvin-Benson-Bassham cycle|g__Faecalibacterium.s__Faecalibacterium_prausnitzii	0.0003190855
PANTO-PWY: phosphopantothenate biosynthesis I	0.0170699955
PANTO-PWY: phosphopantothenate biosynthesis I|g__Alistipes.s__Alistipes_putredinis	0.0000000000
PANTO-PWY: phosphopantothenate biosynthesis I|g__Bacteroides.s__Bacteroides_uniformis	0.0000000000
PANTO-PWY: phosphopantothenate biosynthesis I|g__Bacteroides.s__Bacteroides_dorei	0.0000000000
PANTO-PWY: phosphopantothenate biosynthesis I|g__Bacteroides.s__Bacteroides_ovatus	0.0000000000
PANTO-PWY: phosphopantothenate biosynthesis I|g__Bacteroides.s__Bacteroides_xylanisolvens	0.0000000000
PANTO-PWY: phosphopantothenate biosynthesis I|g__Parabacteroides.s__Parabacteroides_distasonis	0.0000000000
PANTO-PWY: phosphopantothenate biosynthesis I|g__Parabacteroides.s__Parabacteroides_johnsonii	0.0000002395
COA-PWY-1: coenzyme A biosynthesis II (mammalian)	0.8280878107
COA-PWY-1: coenzyme A biosynthesis II (mammalian)|g__Bacteroides.s__Bacteroides_ovatus	0.0000013717
COA-PWY-1: coenzyme A biosynthesis II (mammalian)|g__Bacteroides.s__Bacteroides_uniformis	0.0000000000
COA-PWY-1: coenzyme A biosynthesis II (mammalian)|g__Bacteroides.s__Bacteroides_dorei	0.0000000000
COA-PWY-1: coenzyme A biosynthesis II (mammalian)|g__Bacteroides.s__Bacteroides_xylanisolvens	0.0000000004
PANTOSYN-PWY: pantothenate and coenzyme A biosynthesis I	0.0239152643
PANTOSYN-PWY: pantothenate and coenzyme A biosynthesis I|g__Bacteroides.s__Bacteroides_ovatus	0.0000000000
ILEUSYN-PWY: L-isoleucine biosynthesis I (from threonine)	0.0000000003
ILEUSYN-PWY: L-isoleucine biosynthesis I (from threonine)|g__Eubacterium.s__Eubacterium_siraeum	0.8131212069
PWY-7111: pyruvate fermentation to isobutanol (engineered)	0.0000000003
PWY-7111: pyruvate fermentation to isobutanol (engineered)|g__Bacteroides.s__Bacteroides_xylanisolvens	0.0001899100
PWY-7111: pyruvate fermentation to isobutanol (engineered)|g__Ruminococcus.s__Ruminococcus_bromii	0.8300648726
PWY-7111: pyruvate fermentation to isobutanol (engineered)|g__Parabacteroides.s__Parabacteroides_johnsonii	0.7867849489
PWY-7111: pyruvate fermentation to isobutanol (engineered)|g__Faecalibacterium.s__Faecalibacterium_prausnitzii	0.0044034318
PWY-7111: pyruvate fermentation to isobutanol (engineered)|g__Eubacterium.s__Eubacterium_siraeum	0.0003091965
VALSYN-PWY: L-valine biosynthesis	0.0000000003
VALSYN-PWY: L-valine biosynthesis|g__Bacteroides.s__Bacteroides_xylanisolvens	0.0001899100
VALSYN-PWY: L-valine biosynthesis|g__Ruminococcus.s__Ruminococcus_bromii	0.8300648726
VALSYN-PWY: L-valine biosynthesis|g__Parabacteroides.s__Parabacteroides_johnsonii	0.7867849489
VALSYN-PWY: L-valine biosynthesis|g__Eubacterium.s__Eubacterium_siraeum	0.8131212069
COA-PWY: coenzyme A biosynthesis I	0.7773785598
COA-PWY: coenzyme A biosynthesis I|g__Bacteroides.s__Bacteroides_ovatus	0.0348796901
COA-PWY: coenzyme A biosynthesis I|g__Bacteroides.s__Bacteroides_xylanisolvens	0.0000000028
PWY-4242: pantothenate and coenzyme A biosynthesis III	0.0232410371
PWY-4242: pantothenate and coenzyme A biosynthesis III|g__Bacteroides.s__Bacteroides_ovatus	0.0000000000
PWY-6386: UDP-N-acetylmuramoyl-pentapeptide biosynthesis II (lysine-containing)	0.0000000000
PWY-6386: UDP-N-acetylmuramoyl-pentapeptide biosynthesis II (lysine-containing)|g__Alistipes.s__Alistipes_putredinis	0.0000000000
PWY-6386: UDP-N-acetylmuramoyl-pentapeptide biosynthesis II (lysine-containing)|g__Faecalibacterium.s__Faecalibacterium_prausnitzii	0.0000000031
PWY-6121: 5-aminoimidazole ribonucleotide biosynthesis I	0.0000014424
PWY-6121: 5-aminoimidazole ribonucleotide biosynthesis I|g__Alistipes.s__Alistipes_putredinis	0.0264442294
PWY-6121: 5-aminoimidazole ribonucleotide biosynthesis I|g__Ruminococcus.s__Ruminococcus_bromii	0.0005125057
PWY-6121: 5-aminoimidazole ribonucleotide biosynthesis I|g__Eubacterium.s__Eubacterium_siraeum	0.1668457366
PWY-6121: 5-aminoimidazole ribonucleotide biosynthesis I|g__Alistipes.s__Alistipes_onderdonkii	0.0000000000
PWY-6121: 5-aminoimidazole ribonucleotide biosynthesis I|g__Faecalibacterium.s__Faecalibacterium_prausnitzii	0.0000002430
1CMET2-PWY: N10-formyl-tetrahydrofolate biosynthesis	0.0000000000
1CMET2-PWY: N10-formyl-tetrahydrofolate biosynthesis|g__Bacteroides.s__Bacteroides_ovatus	0.0000000000
1CMET2-PWY: N10-formyl-tetrahydrofolate biosynthesis|g__Bacteroides.s__Bacteroides_uniformis	0.0000000000
PWY-5973: cis-vaccenate biosynthesis	0.0000000000
PWY-1269: CMP-3-deoxy-D-manno-octulosonate biosynthesis I	0.0003249704
PWY-1269: CMP-3-deoxy-D-manno-octulosonate biosynthesis I|g__Bacteroides.s__Bacteroides_ovatus	0.0043057196
PWY-6122: 5-aminoimidazole ribonucleotide biosynthesis II	0.0000011539
PWY-6122: 5-aminoimidazole ribonucleotide biosynthesis II|g__Alistipes.s__Alistipes_putredinis	0.0212683805
PWY-6122: 5-aminoimidazole ribonucleotide biosynthesis II|g__Ruminococcus.s__Ruminococcus_bromii	0.2943785917
PWY-6122: 5-aminoimidazole ribonucleotide biosynthesis II|g__Eubacterium.s__Eubacterium_siraeum	0.1381800888
PWY-6122: 5-aminoimidazole ribonucleotide biosynthesis II|g__Alistipes.s__Alistipes_onderdonkii	0.0000000000
PWY-6122: 5-aminoimidazole ribonucleotide biosynthesis II|g__Faecalibacterium.s__Faecalibacterium_prausnitzii	0.0000001944
PWY-6277: superpathway of 5-aminoimidazole ribonucleotide biosynthesis	0.0000011539
PWY-6277: superpathway of 5-aminoimidazole ribonucleotide biosynthesis|g__Alistipes.s__Alistipes_putredinis	0.0212683805
PWY-6277: superpathway of 5-aminoimidazole ribonucleotide biosynthesis|g__Ruminococcus.s__Ruminococcus_bromii	0.2943785917
PWY-6277: superpathway of 5-aminoimidazole ribonucleotide biosynthesis|g__Eubacterium.s__Eubacterium_siraeum	0.1381800888
PWY-6277: superpathway of 5-aminoimidazole ribonucleotide biosynthesis|g__Alistipes.s__Alistipes_onderdonkii	0.0000000000
PWY-6277: superpathway of 5-aminoimidazole ribonucleotide biosynthesis|g__Faecalibacterium.s__Faecalibacterium_prausnitzii	0.0000001944
PWY-6163: chorismate biosynthesis from 3-dehydroquinate	0.0000000000
DTDPRHAMSYN-PWY: dTDP-L-rhamnose biosynthesis I	0.0000000000
DTDPRHAMSYN-PWY: dTDP-L-rhamnose biosynthesis I|g__Bacteroides.s__Bacteroides_ovatus	0.6797520010
DTDPRHAMSYN-PWY: dTDP-L-rhamnose biosynthesis I|g__Faecalibacterium.s__Faecalibacterium_prausnitzii	0.7997496664
DTDPRHAMSYN-PWY: dTDP-L-rhamnose biosynthesis I|unclassified	0.0258995735
PWY-7208: superpathway of pyrimidine nucleobases salvage	0.0000000000
PWY-7663: gondoate biosynthesis (anaerobic)	0.0000000000
PWY-7663: gondoate biosynthesis (anaerobic)|g__Bacteroides.s__Bacteroides_ovatus	0.0000000000
PWY-7663: gondoate biosynthesis (anaerobic)|g__Bacteroides.s__Bacteroides_xylanisolvens	0.0000000000
PWY-7663: gondoate biosynthesis (anaerobic)|g__Bacteroides.s__Bacteroides_salyersiae	0.0000000304
PWY-7663: gondoate biosynthesis (anaerobic)|g__Bacteroides.s__Bacteroides_thetaiotaomicron	0.0000000626
GLUCONEO-PWY: gluconeogenesis I	0.0000000000
PWY-7234: inosine-5'-phosphate biosynthesis III	0.0000000000
PYRIDOXSYN-PWY: pyridoxal 5'-phosphate biosynthesis I	0.0000000000
PYRIDOXSYN-PWY: pyridoxal 5'-phosphate biosynthesis I|g__Bacteroides.s__Bacteroides_uniformis	0.0000310578
PYRIDOXSYN-PWY: pyridoxal 5'-phosphate biosynthesis I|g__Bacteroides.s__Bacteroides_ovatus	0.0000000000
PEPTIDOGLYCANSYN-PWY: peptidoglycan biosynthesis I (meso-diaminopimelate containing)	0.0000000000
PEPTIDOGLYCANSYN-PWY: peptidoglycan biosynthesis I (meso-diaminopimelate containing)|g__Alistipes.s__Alistipes_putredinis	0.0000000000
PEPTIDOGLYCANSYN-PWY: peptidoglycan biosynthesis I (meso-diaminopimelate containing)|g__Faecalibacterium.s__Faecalibacterium_prausnitzii	0.0000000033
PWY0-845: superpathway of pyridoxal 5'-phosphate biosynthesis and salvage	0.0000000000
PWY0-845: superpathway of pyridoxal 5'-phosphate biosynthesis and salvage|g__Bacteroides.s__Bacteroides_ovatus	0.0000000000
PWY0-845: superpathway of pyridoxal 5'-phosphate biosynthesis and salvage|g__Bacteroides.s__Bacteroides_uniformis	0.0000000000
PWY-6387: UDP-N-acetylmuramoyl-pentapeptide biosynthesis I (meso-diaminopimelate containing)	0.0000000000
PWY-6387: UDP-N-acetylmuramoyl-pentapeptide biosynthesis I (meso-diaminopimelate containing)|g__Alistipes.s__Alistipes_putredinis	0.0000000000
PWY-6387: UDP-N-acetylmuramoyl-pentapeptide biosynthesis I (meso-diaminopimelate containing)|g__Faecalibacterium.s__Faecalibacterium_prausnitzii	0.0000069705
ANAEROFRUCAT-PWY: homolactic fermentation	0.0000000000
PWY-6385: peptidoglycan biosynthesis III (mycobacteria)	0.0000000000
PWY-6385: peptidoglycan biosynthesis III (mycobacteria)|g__Faecalibacterium.s__Faecalibacterium_prausnitzii	0.0000000033
PWY-5695: urate biosynthesis/inosine 5'-phosphate degradation	0.0000000000
PWY-5695: urate biosynthesis/inosine 5'-phosphate degradation|g__Bacteroides.s__Bacteroides_dorei	0.0000000037
PWY-5695: urate biosynthesis/inosine 5'-phosphate degradation|g__Parabacteroides.s__Parabacteroides_distasonis	0.7240606357
PWY-6168: flavin biosynthesis III (fungi)	0.0000000000
PWY-6737: starch degradation V	0.0000000000
PWY-6737: starch degradation V|g__Faecalibacterium.s__Faecalibacterium_prausnitzii	0.0870562717
PWY-6737: starch degradation V|g__Ruminococcus.s__Ruminococcus_bromii	0.0000000000
PWY-6737: starch degradation V|g__Eubacterium.s__Eubacterium_hallii	0.0000245058
COMPLETE-ARO-PWY: superpathway of aromatic amino acid biosynthesis	0.0000000000
PWY-5686: UMP biosynthesis	0.0000000000
PWY-5686: UMP biosynthesis|g__Alistipes.s__Alistipes_onderdonkii	0.0000000011
PWY-7539: 6-hydroxymethyl-dihydropterin diphosphate biosynthesis III (Chlamydia)	0.0000000000
PWY-6147: 6-hydroxymethyl-dihydropterin diphosphate biosynthesis I	0.0000000000
ARO-PWY: chorismate biosynthesis I	0.0000000000
RHAMCAT-PWY: L-rhamnose degradation I	0.0000000000
RHAMCAT-PWY: L-rhamnose degradation I|g__Bacteroides.s__Bacteroides_ovatus	0.0000000000
RHAMCAT-PWY: L-rhamnose degradation I|g__Bacteroides.s__Bacteroides_xylanisolvens	0.0000000000
PWY0-1296: purine ribonucleosides degradation	0.0000000000
PWY0-1296: purine ribonucleosides degradation|g__Faecalibacterium.s__Faecalibacterium_prausnitzii	0.9999572116
PWY-7383: anaerobic energy metabolism (invertebrates, cytosol)	0.0000000000
THRESYN-PWY: superpathway of L-threonine biosynthesis	0.0000000000
GLCMANNANAUT-PWY: superpathway of N-acetylglucosamine, N-acetylmannosamine and N-acetylneuraminate degradation	0.0000000000
GLCMANNANAUT-PWY: superpathway of N-acetylglucosamine, N-acetylmannosamine and N-acetylneuraminate degradation|g__Faecalibacterium.s__Faecalibacterium_prausnitzii	0.8569860468
P42-PWY: incomplete reductive TCA cycle	0.0000000000
ARGININE-SYN4-PWY: L-ornithine de novo  biosynthesis	0.0000000000
ARGININE-SYN4-PWY: L-ornithine de novo  biosynthesis|g__Bacteroides.s__Bacteroides_ovatus	0.0000000000
ARGININE-SYN4-PWY: L-ornithine de novo  biosynthesis|g__Bacteroides.s__Bacteroides_uniformis	0.0000000000
PWY-6700: queuosine biosynthesis	0.0000000000
PWY-6700: queuosine biosynthesis|g__Bacteroides.s__Bacteroides_ovatus	0.0000000000
PWY-6700: queuosine biosynthesis|g__Bacteroides.s__Bacteroides_dorei	0.0000000000
PWY-6700: queuosine biosynthesis|g__Parabacteroides.s__Parabacteroides_distasonis	0.0000000000
SER-GLYSYN-PWY: superpathway of L-serine and glycine biosynthesis I	0.0000000000
SER-GLYSYN-PWY: superpathway of L-serine and glycine biosynthesis I|g__Ruminococcus.s__Ruminococcus_bromii	0.0001944178
SER-GLYSYN-PWY: superpathway of L-serine and glycine biosynthesis I|g__Eubacterium.s__Eubacterium_siraeum	0.8635726553
SER-GLYSYN-PWY: superpathway of L-serine and glycine biosynthesis I|g__Faecalibacterium.s__Faecalibacterium_prausnitzii	0.0209700146
PWY-5177: glutaryl-CoA degradation	0.0000000000
PWY-5177: glutaryl-CoA degradation|g__Faecalibacterium.s__Faecalibacterium_prausnitzii	0.7578490233
PWY-724: superpathway of L-lysine, L-threonine and L-methionine biosynthesis II	0.0000000000
ASPASN-PWY: superpathway of L-aspartate and L-asparagine biosynthesis	0.0000000000
ASPASN-PWY: superpathway of L-aspartate and L-asparagine biosynthesis|g__Bacteroides.s__Bacteroides_ovatus	0.0000000000
PWY-6527: stachyose degradation	0.0000000000
P185-PWY: formaldehyde assimilation III (dihydroxyacetone cycle)	0.0000000000
PWY-7456: mannan degradation	0.0000000000
PWY-6151: S-adenosyl-L-methionine cycle I	0.0000000000
PWY-6151: S-adenosyl-L-methionine cycle I|g__Bacteroides.s__Bacteroides_dorei	0.0000000000
PWY-6151: S-adenosyl-L-methionine cycle I|g__Bacteroides.s__Bacteroides_uniformis	0.0000000000
DAPLYSINESYN-PWY: L-lysine biosynthesis I	0.0000000000
HISTSYN-PWY: L-histidine biosynthesis	0.0000000000
PWY-7282: 4-amino-2-methyl-5-phosphomethylpyrimidine biosynthesis (yeast)	0.0000000000
PWY-7323: superpathway of GDP-mannose-derived O-antigen building blocks biosynthesis	0.0000000000
PWY-7323: superpathway of GDP-mannose-derived O-antigen building blocks biosynthesis|g__Bacteroides.s__Bacteroides_ovatus	0.0000000000
PWY-6897: thiamin salvage II	0.0000000000
PWY-5100: pyruvate fermentation to acetate and lactate II	0.0000000000
PWY0-166: superpathway of pyrimidine deoxyribonucleotides de novo biosynthesis (E. coli)	0.0000000000
PWY-4984: urea cycle	0.0000000000
CITRULBIO-PWY: L-citrulline biosynthesis	0.0000000000
PWY0-162: superpathway of pyrimidine ribonucleotides de novo biosynthesis	0.0000000000
PYRIDNUCSYN-PWY: NAD biosynthesis I (from aspartate)	0.0000000000
PWY-4981: L-proline biosynthesis II (from arginine)	0.0000000000
PWY-7357: thiamin formation from pyrithiamine and oxythiamine (yeast)	0.0000000000
PWY-3001: superpathway of L-isoleucine biosynthesis I	0.0000000000
PWY-6317: galactose degradation I (Leloir pathway)	0.0000000000
PWY66-422: D-galactose degradation V (Leloir pathway)	0.0000000000
THISYNARA-PWY: superpathway of thiamin diphosphate biosynthesis III (eukaryotes)	0.0000000000
PWY66-409: superpathway of purine nucleotide salvage	0.0000000000
PWY0-1297: superpathway of purine deoxyribonucleosides degradation	0.0000000000
HSERMETANA-PWY: L-methionine biosynthesis III	0.0000000000
PWY-841: superpathway of purine nucleotides de novo biosynthesis I	0.0000000000
BRANCHED-CHAIN-AA-SYN-PWY: superpathway of branched amino acid biosynthesis	0.0000000000
BRANCHED-CHAIN-AA-SYN-PWY: superpathway of branched amino acid biosynthesis|g__Eubacterium.s__Eubacterium_siraeum	0.0005151891
PWY-7229: superpathway of adenosine nucleotides de novo biosynthesis I	0.0000000000
PWY-7242: D-fructuronate degradation	0.0000000000
PWY-7242: D-fructuronate degradation|g__Faecalibacterium.s__Faecalibacterium_prausnitzii	0.4919487958
GALACT-GLUCUROCAT-PWY: superpathway of hexuronide and hexuronate degradation	0.0000000000
GALACT-GLUCUROCAT-PWY: superpathway of hexuronide and hexuronate degradation|g__Faecalibacterium.s__Faecalibacterium_prausnitzii	0.4533566882
GALACTUROCAT-PWY: D-galacturonate degradation I	0.0000000000
GALACTUROCAT-PWY: D-galacturonate degradation I|g__Faecalibacterium.s__Faecalibacterium_prausnitzii	0.4715101321
GLUCUROCAT-PWY: superpathway of &beta;-D-glucuronide and D-glucuronate degradation	0.0000000000
GLUCUROCAT-PWY: superpathway of &beta;-D-glucuronide and D-glucuronate degradation|g__Faecalibacterium.s__Faecalibacterium_prausnitzii	0.4540791232
PWY-6703: preQ0 biosynthesis	0.0000000000
PWY-6703: preQ0 biosynthesis|g__Bacteroides.s__Bacteroides_dorei	0.0000000000
PWY-6703: preQ0 biosynthesis|g__Bacteroides.s__Bacteroides_ovatus	0.0000000000
PWY-6608: guanosine nucleotides degradation III	0.0000000000
PWY-5103: L-isoleucine biosynthesis III	0.0000000000
PWY-5103: L-isoleucine biosynthesis III|g__Eubacterium.s__Eubacterium_siraeum	0.0003864545
PWY-6507: 4-deoxy-L-threo-hex-4-enopyranuronate degradation	0.0000000000
PWY-6507: 4-deoxy-L-threo-hex-4-enopyranuronate degradation|g__Faecalibacterium.s__Faecalibacterium_prausnitzii	0.4679372548
PWY-5104: L-isoleucine biosynthesis IV	0.0000000000
PWY-7211: superpathway of pyrimidine deoxyribonucleotides de novo biosynthesis	0.0000000000
PWY-6126: superpathway of adenosine nucleotides de novo biosynthesis II	0.0000000000
PWY-6125: superpathway of guanosine nucleotides de novo biosynthesis II	0.0000000000
P164-PWY: purine nucleobases degradation I (anaerobic)	0.0000000000
PWY-621: sucrose degradation III (sucrose invertase)	0.0000000000
PWY-621: sucrose degradation III (sucrose invertase)|g__Faecalibacterium.s__Faecalibacterium_prausnitzii	0.6451891535
PWY-7184: pyrimidine deoxyribonucleotides de novo biosynthesis I	0.0000000000
PWY-6545: pyrimidine deoxyribonucleotides de novo biosynthesis III	0.0000000000
COLANSYN-PWY: colanic acid building blocks biosynthesis	0.0000000000
PWY0-1586: peptidoglycan maturation (meso-diaminopimelate containing)	0.0000000000
PWY-2941: L-lysine biosynthesis II	0.0000000000
PWY-7220: adenosine deoxyribonucleotides de novo biosynthesis II	0.0000000000
PWY-7222: guanosine deoxyribonucleotides de novo biosynthesis II	0.0000000000
PWY-6353: purine nucleotides degradation II (aerobic)	0.0000000000
GLYCOGENSYNTH-PWY: glycogen biosynthesis I (from ADP-D-Glucose)	0.0000000000
GLYCOGENSYNTH-PWY: glycogen biosynthesis I (from ADP-D-Glucose)|g__Eubacterium.s__Eubacterium_siraeum	0.0000537604
PWY-6305: putrescine biosynthesis IV	0.0000000000
SALVADEHYPOX-PWY: adenosine nucleotides degradation II	0.0000000000
PWY-6606: guanosine nucleotides degradation II	0.0000000000
PWY-5101: L-isoleucine biosynthesis II	0.0000000000