# Pathway	ESM5MEDZ_P_Coverage
UNMAPPED	1.0000000000
UNINTEGRATED	1.0000000000
UNINTEGRATED|g__Bacteroides.s__Bacteroides_faecis	1.0000000000
UNINTEGRATED|g__Bacteroides.s__Bacteroides_ovatus	1.0000000000
UNINTEGRATED|g__Bacteroides.s__Bacteroides_vulgatus	1.0000000000
UNINTEGRATED|g__Bacteroides.s__Bacteroides_xylanisolvens	1.0000000000
UNINTEGRATED|g__Blautia.s__Ruminococcus_gnavus	1.0000000000
UNINTEGRATED|g__Blautia.s__Ruminococcus_obeum	1.0000000000
UNINTEGRATED|g__Blautia.s__Ruminococcus_torques	1.0000000000
UNINTEGRATED|g__Clostridium.s__Clostridium_bolteae	1.0000000000
UNINTEGRATED|g__Clostridium.s__Clostridium_nexile	1.0000000000
UNINTEGRATED|g__Clostridium.s__Clostridium_symbiosum	1.0000000000
UNINTEGRATED|g__Collinsella.s__Collinsella_aerofaciens	1.0000000000
UNINTEGRATED|g__Coprococcus.s__Coprococcus_catus	1.0000000000
UNINTEGRATED|g__Coprococcus.s__Coprococcus_comes	1.0000000000
UNINTEGRATED|g__Dorea.s__Dorea_longicatena	1.0000000000
UNINTEGRATED|g__Eubacterium.s__Eubacterium_eligens	1.0000000000
UNINTEGRATED|g__Eubacterium.s__Eubacterium_ramulus	1.0000000000
UNINTEGRATED|g__Eubacterium.s__Eubacterium_rectale	1.0000000000
UNINTEGRATED|g__Faecalibacterium.s__Faecalibacterium_prausnitzii	1.0000000000
UNINTEGRATED|g__Haemophilus.s__Haemophilus_parainfluenzae	1.0000000000
UNINTEGRATED|g__Lachnospiraceae_noname.s__Lachnospiraceae_bacterium_5_1_63FAA	1.0000000000
UNINTEGRATED|g__Parabacteroides.s__Parabacteroides_distasonis	1.0000000000
UNINTEGRATED|g__Parasutterella.s__Parasutterella_excrementihominis	1.0000000000
UNINTEGRATED|g__Roseburia.s__Roseburia_inulinivorans	1.0000000000
UNINTEGRATED|g__Streptococcus.s__Streptococcus_parasanguinis	1.0000000000
UNINTEGRATED|unclassified	1.0000000000
PWY-7219: adenosine ribonucleotides de novo biosynthesis	1.0000000000
PWY-7219: adenosine ribonucleotides de novo biosynthesis|g__Bacteroides.s__Bacteroides_vulgatus	1.0000000000
PWY-7219: adenosine ribonucleotides de novo biosynthesis|g__Eubacterium.s__Eubacterium_rectale	1.0000000000
PWY-7219: adenosine ribonucleotides de novo biosynthesis|unclassified	1.0000000000
PWY-7219: adenosine ribonucleotides de novo biosynthesis|g__Bacteroides.s__Bacteroides_ovatus	1.0000000000
PWY-7219: adenosine ribonucleotides de novo biosynthesis|g__Bacteroides.s__Bacteroides_faecis	1.0000000000
PWY-7219: adenosine ribonucleotides de novo biosynthesis|g__Parabacteroides.s__Parabacteroides_distasonis	0.9902486105
PWY-7219: adenosine ribonucleotides de novo biosynthesis|g__Bacteroides.s__Bacteroides_xylanisolvens	1.0000000000
PWY-7219: adenosine ribonucleotides de novo biosynthesis|g__Faecalibacterium.s__Faecalibacterium_prausnitzii	0.9999998195
PWY-7219: adenosine ribonucleotides de novo biosynthesis|g__Parasutterella.s__Parasutterella_excrementihominis	1.0000000000
PWY-7219: adenosine ribonucleotides de novo biosynthesis|g__Lachnospiraceae_noname.s__Lachnospiraceae_bacterium_5_1_63FAA	0.9999956653
PWY-7219: adenosine ribonucleotides de novo biosynthesis|g__Blautia.s__Ruminococcus_obeum	0.9999948531
PWY-7219: adenosine ribonucleotides de novo biosynthesis|g__Coprococcus.s__Coprococcus_comes	0.9986903780
PWY-7219: adenosine ribonucleotides de novo biosynthesis|g__Dorea.s__Dorea_longicatena	0.9991767273
PWY-7219: adenosine ribonucleotides de novo biosynthesis|g__Haemophilus.s__Haemophilus_parainfluenzae	0.0002791352
PWY-7219: adenosine ribonucleotides de novo biosynthesis|g__Clostridium.s__Clostridium_nexile	0.9880724047
PWY-7219: adenosine ribonucleotides de novo biosynthesis|g__Eubacterium.s__Eubacterium_eligens	0.4139198474
PWY-7219: adenosine ribonucleotides de novo biosynthesis|g__Coprococcus.s__Coprococcus_catus	0.8814422238
PWY-7219: adenosine ribonucleotides de novo biosynthesis|g__Eubacterium.s__Eubacterium_ramulus	0.5886227711
PWY-7219: adenosine ribonucleotides de novo biosynthesis|g__Clostridium.s__Clostridium_bolteae	0.4955112828
PWY-7219: adenosine ribonucleotides de novo biosynthesis|g__Roseburia.s__Roseburia_inulinivorans	0.1026084969
PWY-7219: adenosine ribonucleotides de novo biosynthesis|g__Blautia.s__Ruminococcus_gnavus	0.0649421622
PWY-7219: adenosine ribonucleotides de novo biosynthesis|g__Collinsella.s__Collinsella_aerofaciens	0.1066466426
PWY-7219: adenosine ribonucleotides de novo biosynthesis|g__Clostridium.s__Clostridium_symbiosum	0.1650659990
PWY-7219: adenosine ribonucleotides de novo biosynthesis|g__Streptococcus.s__Streptococcus_parasanguinis	0.1263302992
PWY66-400: glycolysis VI (metazoan)	1.0000000000
PWY66-400: glycolysis VI (metazoan)|unclassified	0.0000000000
PWY66-400: glycolysis VI (metazoan)|g__Bacteroides.s__Bacteroides_ovatus	0.0000000000
PWY66-400: glycolysis VI (metazoan)|g__Haemophilus.s__Haemophilus_parainfluenzae	0.0000002590
PWY66-400: glycolysis VI (metazoan)|g__Bacteroides.s__Bacteroides_xylanisolvens	0.0000000000
PWY-1042: glycolysis IV (plant cytosol)	1.0000000000
PWY-1042: glycolysis IV (plant cytosol)|unclassified	1.0000000000
PWY-1042: glycolysis IV (plant cytosol)|g__Bacteroides.s__Bacteroides_faecis	0.9999999999
PWY-1042: glycolysis IV (plant cytosol)|g__Lachnospiraceae_noname.s__Lachnospiraceae_bacterium_5_1_63FAA	0.0000692494
PWY-1042: glycolysis IV (plant cytosol)|g__Faecalibacterium.s__Faecalibacterium_prausnitzii	0.9377643929
PWY-1042: glycolysis IV (plant cytosol)|g__Haemophilus.s__Haemophilus_parainfluenzae	0.9997944045
PWY-1042: glycolysis IV (plant cytosol)|g__Bacteroides.s__Bacteroides_xylanisolvens	0.3790688770
PWY-1042: glycolysis IV (plant cytosol)|g__Bacteroides.s__Bacteroides_ovatus	0.0149977035
ANAGLYCOLYSIS-PWY: glycolysis III (from glucose)	1.0000000000
ANAGLYCOLYSIS-PWY: glycolysis III (from glucose)|unclassified	0.0000000033
ANAGLYCOLYSIS-PWY: glycolysis III (from glucose)|g__Bacteroides.s__Bacteroides_xylanisolvens	0.0000000000
ANAGLYCOLYSIS-PWY: glycolysis III (from glucose)|g__Bacteroides.s__Bacteroides_ovatus	0.0000000000
ANAGLYCOLYSIS-PWY: glycolysis III (from glucose)|g__Haemophilus.s__Haemophilus_parainfluenzae	0.0000002331
PWY-7221: guanosine ribonucleotides de novo biosynthesis	1.0000000000
PWY-7221: guanosine ribonucleotides de novo biosynthesis|g__Bacteroides.s__Bacteroides_vulgatus	1.0000000000
PWY-7221: guanosine ribonucleotides de novo biosynthesis|g__Eubacterium.s__Eubacterium_rectale	1.0000000000
PWY-7221: guanosine ribonucleotides de novo biosynthesis|unclassified	1.0000000000
PWY-7221: guanosine ribonucleotides de novo biosynthesis|g__Parasutterella.s__Parasutterella_excrementihominis	1.0000000000
PWY-7221: guanosine ribonucleotides de novo biosynthesis|g__Parabacteroides.s__Parabacteroides_distasonis	0.0032505858
PWY-7221: guanosine ribonucleotides de novo biosynthesis|g__Faecalibacterium.s__Faecalibacterium_prausnitzii	0.9999990735
PWY-7221: guanosine ribonucleotides de novo biosynthesis|g__Bacteroides.s__Bacteroides_faecis	0.0895278157
PWY-7221: guanosine ribonucleotides de novo biosynthesis|g__Bacteroides.s__Bacteroides_xylanisolvens	0.1352586029
PWY-7221: guanosine ribonucleotides de novo biosynthesis|g__Bacteroides.s__Bacteroides_ovatus	0.0254414054
PWY-7221: guanosine ribonucleotides de novo biosynthesis|g__Coprococcus.s__Coprococcus_comes	0.8977383380
PWY-7221: guanosine ribonucleotides de novo biosynthesis|g__Eubacterium.s__Eubacterium_eligens	0.9902469870
PWY-7221: guanosine ribonucleotides de novo biosynthesis|g__Blautia.s__Ruminococcus_obeum	0.1189981158
PWY-7221: guanosine ribonucleotides de novo biosynthesis|g__Clostridium.s__Clostridium_nexile	0.7008804917
PWY-7221: guanosine ribonucleotides de novo biosynthesis|g__Roseburia.s__Roseburia_inulinivorans	0.7218107880
PWY-7221: guanosine ribonucleotides de novo biosynthesis|g__Eubacterium.s__Eubacterium_ramulus	0.6800941166
PWY-7221: guanosine ribonucleotides de novo biosynthesis|g__Haemophilus.s__Haemophilus_parainfluenzae	0.0000000000
PWY-7221: guanosine ribonucleotides de novo biosynthesis|g__Clostridium.s__Clostridium_bolteae	0.7001986861
PWY-7221: guanosine ribonucleotides de novo biosynthesis|g__Coprococcus.s__Coprococcus_catus	0.0036567893
PWY-7221: guanosine ribonucleotides de novo biosynthesis|g__Blautia.s__Ruminococcus_gnavus	0.0010270078
PWY-7228: superpathway of guanosine nucleotides de novo biosynthesis I	1.0000000000
PWY-7228: superpathway of guanosine nucleotides de novo biosynthesis I|g__Bacteroides.s__Bacteroides_vulgatus	0.0000000000
PWY-7228: superpathway of guanosine nucleotides de novo biosynthesis I|g__Parasutterella.s__Parasutterella_excrementihominis	1.0000000000
PWY-7228: superpathway of guanosine nucleotides de novo biosynthesis I|g__Parabacteroides.s__Parabacteroides_distasonis	0.0000000000
PWY-7228: superpathway of guanosine nucleotides de novo biosynthesis I|g__Haemophilus.s__Haemophilus_parainfluenzae	0.0000000000
ILEUSYN-PWY: L-isoleucine biosynthesis I (from threonine)	1.0000000000
ILEUSYN-PWY: L-isoleucine biosynthesis I (from threonine)|unclassified	1.0000000000
ILEUSYN-PWY: L-isoleucine biosynthesis I (from threonine)|g__Faecalibacterium.s__Faecalibacterium_prausnitzii	1.0000000000
ILEUSYN-PWY: L-isoleucine biosynthesis I (from threonine)|g__Blautia.s__Ruminococcus_obeum	0.9999996300
ILEUSYN-PWY: L-isoleucine biosynthesis I (from threonine)|g__Coprococcus.s__Coprococcus_catus	0.9181739078
PWY-7111: pyruvate fermentation to isobutanol (engineered)	1.0000000000
PWY-7111: pyruvate fermentation to isobutanol (engineered)|g__Bacteroides.s__Bacteroides_vulgatus	0.6710494263
PWY-7111: pyruvate fermentation to isobutanol (engineered)|g__Eubacterium.s__Eubacterium_rectale	1.0000000000
PWY-7111: pyruvate fermentation to isobutanol (engineered)|unclassified	1.0000000000
PWY-7111: pyruvate fermentation to isobutanol (engineered)|g__Parabacteroides.s__Parabacteroides_distasonis	0.0667932150
PWY-7111: pyruvate fermentation to isobutanol (engineered)|g__Parasutterella.s__Parasutterella_excrementihominis	0.9755361270
PWY-7111: pyruvate fermentation to isobutanol (engineered)|g__Faecalibacterium.s__Faecalibacterium_prausnitzii	0.1195014802
PWY-7111: pyruvate fermentation to isobutanol (engineered)|g__Blautia.s__Ruminococcus_obeum	0.9999431443
PWY-7111: pyruvate fermentation to isobutanol (engineered)|g__Eubacterium.s__Eubacterium_eligens	0.9721805952
PWY-7111: pyruvate fermentation to isobutanol (engineered)|g__Coprococcus.s__Coprococcus_comes	0.4040968539
PWY-7111: pyruvate fermentation to isobutanol (engineered)|g__Coprococcus.s__Coprococcus_catus	0.9430535653
PWY-7111: pyruvate fermentation to isobutanol (engineered)|g__Eubacterium.s__Eubacterium_ramulus	0.7207245606
PWY-7111: pyruvate fermentation to isobutanol (engineered)|g__Bacteroides.s__Bacteroides_xylanisolvens	0.0000000000
PWY-7111: pyruvate fermentation to isobutanol (engineered)|g__Dorea.s__Dorea_longicatena	0.0807586104
PWY-7111: pyruvate fermentation to isobutanol (engineered)|g__Clostridium.s__Clostridium_bolteae	0.3123692439
VALSYN-PWY: L-valine biosynthesis	1.0000000000
VALSYN-PWY: L-valine biosynthesis|g__Bacteroides.s__Bacteroides_vulgatus	0.6710494263
VALSYN-PWY: L-valine biosynthesis|g__Eubacterium.s__Eubacterium_rectale	1.0000000000
VALSYN-PWY: L-valine biosynthesis|unclassified	1.0000000000
VALSYN-PWY: L-valine biosynthesis|g__Parabacteroides.s__Parabacteroides_distasonis	0.0667932150
VALSYN-PWY: L-valine biosynthesis|g__Faecalibacterium.s__Faecalibacterium_prausnitzii	1.0000000000
VALSYN-PWY: L-valine biosynthesis|g__Lachnospiraceae_noname.s__Lachnospiraceae_bacterium_5_1_63FAA	0.6170385325
VALSYN-PWY: L-valine biosynthesis|g__Parasutterella.s__Parasutterella_excrementihominis	0.9755361270
VALSYN-PWY: L-valine biosynthesis|g__Blautia.s__Ruminococcus_obeum	0.9999996300
VALSYN-PWY: L-valine biosynthesis|g__Haemophilus.s__Haemophilus_parainfluenzae	0.8007137569
VALSYN-PWY: L-valine biosynthesis|g__Eubacterium.s__Eubacterium_eligens	0.9721805952
VALSYN-PWY: L-valine biosynthesis|g__Coprococcus.s__Coprococcus_comes	0.4040968539
VALSYN-PWY: L-valine biosynthesis|g__Roseburia.s__Roseburia_inulinivorans	0.9697128274
VALSYN-PWY: L-valine biosynthesis|g__Coprococcus.s__Coprococcus_catus	0.9181739078
VALSYN-PWY: L-valine biosynthesis|g__Eubacterium.s__Eubacterium_ramulus	0.7207245606
VALSYN-PWY: L-valine biosynthesis|g__Bacteroides.s__Bacteroides_xylanisolvens	0.0000000000
VALSYN-PWY: L-valine biosynthesis|g__Dorea.s__Dorea_longicatena	0.0807586104
VALSYN-PWY: L-valine biosynthesis|g__Clostridium.s__Clostridium_bolteae	0.3123692439
PWY-5484: glycolysis II (from fructose 6-phosphate)	0.0000000000
PWY-5484: glycolysis II (from fructose 6-phosphate)|unclassified	0.0000000000
GLYCOLYSIS: glycolysis I (from glucose 6-phosphate)	0.0000000000
GLYCOLYSIS: glycolysis I (from glucose 6-phosphate)|unclassified	0.0000000000
PWY-2942: L-lysine biosynthesis III	1.0000000000
PWY-2942: L-lysine biosynthesis III|g__Bacteroides.s__Bacteroides_vulgatus	0.0000000000
PWY-2942: L-lysine biosynthesis III|g__Parabacteroides.s__Parabacteroides_distasonis	0.5574205884
PWY-2942: L-lysine biosynthesis III|unclassified	0.7630276292
PWY-2942: L-lysine biosynthesis III|g__Bacteroides.s__Bacteroides_faecis	0.6065142599
PWY-2942: L-lysine biosynthesis III|g__Lachnospiraceae_noname.s__Lachnospiraceae_bacterium_5_1_63FAA	0.0000076016
PWY-2942: L-lysine biosynthesis III|g__Bacteroides.s__Bacteroides_ovatus	0.0000001014
PWY-2942: L-lysine biosynthesis III|g__Bacteroides.s__Bacteroides_xylanisolvens	0.0000000000
PWY-2942: L-lysine biosynthesis III|g__Faecalibacterium.s__Faecalibacterium_prausnitzii	0.0000000016
PWY-2942: L-lysine biosynthesis III|g__Blautia.s__Ruminococcus_obeum	0.0488755876
PWY-2942: L-lysine biosynthesis III|g__Haemophilus.s__Haemophilus_parainfluenzae	0.0000000557
PWY-5177: glutaryl-CoA degradation	1.0000000000
PWY-5177: glutaryl-CoA degradation|g__Faecalibacterium.s__Faecalibacterium_prausnitzii	1.0000000000
PWY-5177: glutaryl-CoA degradation|unclassified	1.0000000000
PWY-5177: glutaryl-CoA degradation|g__Coprococcus.s__Coprococcus_catus	0.0467751120
PWY-5097: L-lysine biosynthesis VI	1.0000000000
PWY-5097: L-lysine biosynthesis VI|g__Bacteroides.s__Bacteroides_vulgatus	0.0000000000
PWY-5097: L-lysine biosynthesis VI|g__Eubacterium.s__Eubacterium_rectale	0.0000000001
PWY-5097: L-lysine biosynthesis VI|unclassified	0.7730950824
PWY-5097: L-lysine biosynthesis VI|g__Parabacteroides.s__Parabacteroides_distasonis	0.0000000000
PWY-5097: L-lysine biosynthesis VI|g__Bacteroides.s__Bacteroides_xylanisolvens	0.0478560879
PWY-5097: L-lysine biosynthesis VI|g__Faecalibacterium.s__Faecalibacterium_prausnitzii	0.6179820620
PWY-5097: L-lysine biosynthesis VI|g__Lachnospiraceae_noname.s__Lachnospiraceae_bacterium_5_1_63FAA	0.0001184937
PWY-5097: L-lysine biosynthesis VI|g__Bacteroides.s__Bacteroides_faecis	0.0000000000
PWY-5097: L-lysine biosynthesis VI|g__Bacteroides.s__Bacteroides_ovatus	0.0000000000
PWY-5097: L-lysine biosynthesis VI|g__Haemophilus.s__Haemophilus_parainfluenzae	0.0000000601
PWY-5097: L-lysine biosynthesis VI|g__Blautia.s__Ruminococcus_obeum	0.0000010181
PWY-7208: superpathway of pyrimidine nucleobases salvage	1.0000000000
PWY-7208: superpathway of pyrimidine nucleobases salvage|unclassified	0.9585966336
PWY-7208: superpathway of pyrimidine nucleobases salvage|g__Parasutterella.s__Parasutterella_excrementihominis	0.9999999999
PWY-7208: superpathway of pyrimidine nucleobases salvage|g__Haemophilus.s__Haemophilus_parainfluenzae	0.0017677744
PWY-3841: folate transformations II	1.0000000000
PWY-3841: folate transformations II|g__Bacteroides.s__Bacteroides_vulgatus	0.5525374815
PWY-3841: folate transformations II|g__Parabacteroides.s__Parabacteroides_distasonis	0.0000000000
PWY-3841: folate transformations II|g__Bacteroides.s__Bacteroides_faecis	0.9924585604
PWY-3841: folate transformations II|g__Bacteroides.s__Bacteroides_xylanisolvens	0.0000000000
PANTO-PWY: phosphopantothenate biosynthesis I	1.0000000000
PANTO-PWY: phosphopantothenate biosynthesis I|g__Bacteroides.s__Bacteroides_vulgatus	0.0000000000
PANTO-PWY: phosphopantothenate biosynthesis I|g__Bacteroides.s__Bacteroides_xylanisolvens	0.9999899614
PANTO-PWY: phosphopantothenate biosynthesis I|g__Bacteroides.s__Bacteroides_faecis	0.3091115112
PANTO-PWY: phosphopantothenate biosynthesis I|g__Parabacteroides.s__Parabacteroides_distasonis	0.0000000000
PANTO-PWY: phosphopantothenate biosynthesis I|g__Bacteroides.s__Bacteroides_ovatus	0.0000012826
PANTO-PWY: phosphopantothenate biosynthesis I|g__Parasutterella.s__Parasutterella_excrementihominis	0.0000711333
PANTO-PWY: phosphopantothenate biosynthesis I|g__Eubacterium.s__Eubacterium_rectale	0.0000000000
PANTO-PWY: phosphopantothenate biosynthesis I|g__Lachnospiraceae_noname.s__Lachnospiraceae_bacterium_5_1_63FAA	0.0000000000
NONOXIPENT-PWY: pentose phosphate pathway (non-oxidative branch)	1.0000000000
NONOXIPENT-PWY: pentose phosphate pathway (non-oxidative branch)|g__Bacteroides.s__Bacteroides_xylanisolvens	1.0000000000
NONOXIPENT-PWY: pentose phosphate pathway (non-oxidative branch)|unclassified	0.9999391610
NONOXIPENT-PWY: pentose phosphate pathway (non-oxidative branch)|g__Lachnospiraceae_noname.s__Lachnospiraceae_bacterium_5_1_63FAA	0.9999999733
NONOXIPENT-PWY: pentose phosphate pathway (non-oxidative branch)|g__Faecalibacterium.s__Faecalibacterium_prausnitzii	0.6244939189
NONOXIPENT-PWY: pentose phosphate pathway (non-oxidative branch)|g__Blautia.s__Ruminococcus_obeum	0.0000066239
NONOXIPENT-PWY: pentose phosphate pathway (non-oxidative branch)|g__Eubacterium.s__Eubacterium_eligens	0.0001610836
BRANCHED-CHAIN-AA-SYN-PWY: superpathway of branched amino acid biosynthesis	1.0000000000
BRANCHED-CHAIN-AA-SYN-PWY: superpathway of branched amino acid biosynthesis|unclassified	0.9999996859
BRANCHED-CHAIN-AA-SYN-PWY: superpathway of branched amino acid biosynthesis|g__Faecalibacterium.s__Faecalibacterium_prausnitzii	0.1844726320
BRANCHED-CHAIN-AA-SYN-PWY: superpathway of branched amino acid biosynthesis|g__Blautia.s__Ruminococcus_obeum	0.9999658245
BRANCHED-CHAIN-AA-SYN-PWY: superpathway of branched amino acid biosynthesis|g__Coprococcus.s__Coprococcus_catus	0.8814094500
DTDPRHAMSYN-PWY: dTDP-L-rhamnose biosynthesis I	1.0000000000
DTDPRHAMSYN-PWY: dTDP-L-rhamnose biosynthesis I|g__Eubacterium.s__Eubacterium_rectale	1.0000000000
DTDPRHAMSYN-PWY: dTDP-L-rhamnose biosynthesis I|unclassified	0.9438047835
DTDPRHAMSYN-PWY: dTDP-L-rhamnose biosynthesis I|g__Bacteroides.s__Bacteroides_xylanisolvens	0.9902875789
DTDPRHAMSYN-PWY: dTDP-L-rhamnose biosynthesis I|g__Faecalibacterium.s__Faecalibacterium_prausnitzii	0.9999256498
DTDPRHAMSYN-PWY: dTDP-L-rhamnose biosynthesis I|g__Bacteroides.s__Bacteroides_ovatus	0.0010497778
DTDPRHAMSYN-PWY: dTDP-L-rhamnose biosynthesis I|g__Blautia.s__Ruminococcus_obeum	0.7630797024
DTDPRHAMSYN-PWY: dTDP-L-rhamnose biosynthesis I|g__Lachnospiraceae_noname.s__Lachnospiraceae_bacterium_5_1_63FAA	0.0000000000
PWY-5103: L-isoleucine biosynthesis III	1.0000000000
PWY-5103: L-isoleucine biosynthesis III|unclassified	0.9999996859
PWY-5103: L-isoleucine biosynthesis III|g__Faecalibacterium.s__Faecalibacterium_prausnitzii	0.1450436185
PWY-5103: L-isoleucine biosynthesis III|g__Blautia.s__Ruminococcus_obeum	0.9999544973
PWY-5103: L-isoleucine biosynthesis III|g__Coprococcus.s__Coprococcus_catus	0.8545686404
CALVIN-PWY: Calvin-Benson-Bassham cycle	0.0000000000
CALVIN-PWY: Calvin-Benson-Bassham cycle|unclassified	0.0000000000
CALVIN-PWY: Calvin-Benson-Bassham cycle|g__Lachnospiraceae_noname.s__Lachnospiraceae_bacterium_5_1_63FAA	0.0000000000
CALVIN-PWY: Calvin-Benson-Bassham cycle|g__Faecalibacterium.s__Faecalibacterium_prausnitzii	0.0000000000
PWY-6737: starch degradation V	1.0000000000
PWY-6737: starch degradation V|g__Eubacterium.s__Eubacterium_rectale	1.0000000000
PWY-6737: starch degradation V|g__Lachnospiraceae_noname.s__Lachnospiraceae_bacterium_5_1_63FAA	0.3107001645
PWY-6737: starch degradation V|g__Faecalibacterium.s__Faecalibacterium_prausnitzii	0.5142719583
PWY-6737: starch degradation V|g__Haemophilus.s__Haemophilus_parainfluenzae	0.9899941488
PWY-6737: starch degradation V|unclassified	0.0000000000
PWY-6737: starch degradation V|g__Blautia.s__Ruminococcus_obeum	0.0309099021
PWY-6737: starch degradation V|g__Coprococcus.s__Coprococcus_comes	0.0000002540
PWY-6737: starch degradation V|g__Roseburia.s__Roseburia_inulinivorans	0.1636522732
PWY-6737: starch degradation V|g__Blautia.s__Ruminococcus_gnavus	0.1677004978
PWY-6737: starch degradation V|g__Clostridium.s__Clostridium_nexile	0.0013019402
1CMET2-PWY: N10-formyl-tetrahydrofolate biosynthesis	0.9984309533
1CMET2-PWY: N10-formyl-tetrahydrofolate biosynthesis|g__Parabacteroides.s__Parabacteroides_distasonis	0.0000000000
1CMET2-PWY: N10-formyl-tetrahydrofolate biosynthesis|g__Bacteroides.s__Bacteroides_faecis	0.0000000000
1CMET2-PWY: N10-formyl-tetrahydrofolate biosynthesis|g__Bacteroides.s__Bacteroides_xylanisolvens	0.0000000000
PWY-6386: UDP-N-acetylmuramoyl-pentapeptide biosynthesis II (lysine-containing)	1.0000000000
PWY-6386: UDP-N-acetylmuramoyl-pentapeptide biosynthesis II (lysine-containing)|g__Eubacterium.s__Eubacterium_rectale	0.9953133500
PWY-6386: UDP-N-acetylmuramoyl-pentapeptide biosynthesis II (lysine-containing)|unclassified	0.0000000001
PWY-6386: UDP-N-acetylmuramoyl-pentapeptide biosynthesis II (lysine-containing)|g__Parabacteroides.s__Parabacteroides_distasonis	0.0000000000
PWY-6386: UDP-N-acetylmuramoyl-pentapeptide biosynthesis II (lysine-containing)|g__Faecalibacterium.s__Faecalibacterium_prausnitzii	0.2792053481
PWY-6386: UDP-N-acetylmuramoyl-pentapeptide biosynthesis II (lysine-containing)|g__Lachnospiraceae_noname.s__Lachnospiraceae_bacterium_5_1_63FAA	0.0000000000
PWY-6386: UDP-N-acetylmuramoyl-pentapeptide biosynthesis II (lysine-containing)|g__Bacteroides.s__Bacteroides_xylanisolvens	0.0000000000
PWY-6386: UDP-N-acetylmuramoyl-pentapeptide biosynthesis II (lysine-containing)|g__Parasutterella.s__Parasutterella_excrementihominis	0.0000000001
PWY-6386: UDP-N-acetylmuramoyl-pentapeptide biosynthesis II (lysine-containing)|g__Haemophilus.s__Haemophilus_parainfluenzae	0.0000000001
PWY-6386: UDP-N-acetylmuramoyl-pentapeptide biosynthesis II (lysine-containing)|g__Bacteroides.s__Bacteroides_ovatus	0.0000000000
PWY-6386: UDP-N-acetylmuramoyl-pentapeptide biosynthesis II (lysine-containing)|g__Eubacterium.s__Eubacterium_eligens	0.0000740730
PWY-7229: superpathway of adenosine nucleotides de novo biosynthesis I	0.0000000000
PWY-7229: superpathway of adenosine nucleotides de novo biosynthesis I|g__Bacteroides.s__Bacteroides_vulgatus	0.0000000000
PWY-7229: superpathway of adenosine nucleotides de novo biosynthesis I|g__Haemophilus.s__Haemophilus_parainfluenzae	0.0000000056
PWY66-422: D-galactose degradation V (Leloir pathway)	1.0000000000
PWY66-422: D-galactose degradation V (Leloir pathway)|g__Eubacterium.s__Eubacterium_rectale	0.7966845438
PWY66-422: D-galactose degradation V (Leloir pathway)|g__Faecalibacterium.s__Faecalibacterium_prausnitzii	0.6792332849
PWY66-422: D-galactose degradation V (Leloir pathway)|g__Lachnospiraceae_noname.s__Lachnospiraceae_bacterium_5_1_63FAA	0.2421900372
PWY66-422: D-galactose degradation V (Leloir pathway)|unclassified	0.0000000000
PWY66-422: D-galactose degradation V (Leloir pathway)|g__Blautia.s__Ruminococcus_obeum	0.0330506121
PEPTIDOGLYCANSYN-PWY: peptidoglycan biosynthesis I (meso-diaminopimelate containing)	1.0000000000
PEPTIDOGLYCANSYN-PWY: peptidoglycan biosynthesis I (meso-diaminopimelate containing)|g__Bacteroides.s__Bacteroides_vulgatus	0.0000000000
PEPTIDOGLYCANSYN-PWY: peptidoglycan biosynthesis I (meso-diaminopimelate containing)|unclassified	0.0000000001
PEPTIDOGLYCANSYN-PWY: peptidoglycan biosynthesis I (meso-diaminopimelate containing)|g__Parabacteroides.s__Parabacteroides_distasonis	0.0000000000
PEPTIDOGLYCANSYN-PWY: peptidoglycan biosynthesis I (meso-diaminopimelate containing)|g__Faecalibacterium.s__Faecalibacterium_prausnitzii	0.0007070995
PEPTIDOGLYCANSYN-PWY: peptidoglycan biosynthesis I (meso-diaminopimelate containing)|g__Bacteroides.s__Bacteroides_xylanisolvens	0.0000000000
PEPTIDOGLYCANSYN-PWY: peptidoglycan biosynthesis I (meso-diaminopimelate containing)|g__Lachnospiraceae_noname.s__Lachnospiraceae_bacterium_5_1_63FAA	0.0000000000
PEPTIDOGLYCANSYN-PWY: peptidoglycan biosynthesis I (meso-diaminopimelate containing)|g__Parasutterella.s__Parasutterella_excrementihominis	0.0000000000
PEPTIDOGLYCANSYN-PWY: peptidoglycan biosynthesis I (meso-diaminopimelate containing)|g__Haemophilus.s__Haemophilus_parainfluenzae	0.0000000001
PEPTIDOGLYCANSYN-PWY: peptidoglycan biosynthesis I (meso-diaminopimelate containing)|g__Bacteroides.s__Bacteroides_ovatus	0.0000000000
PWY-6387: UDP-N-acetylmuramoyl-pentapeptide biosynthesis I (meso-diaminopimelate containing)	1.0000000000
PWY-6387: UDP-N-acetylmuramoyl-pentapeptide biosynthesis I (meso-diaminopimelate containing)|g__Bacteroides.s__Bacteroides_vulgatus	0.0000000000
PWY-6387: UDP-N-acetylmuramoyl-pentapeptide biosynthesis I (meso-diaminopimelate containing)|g__Eubacterium.s__Eubacterium_rectale	0.9943982466
PWY-6387: UDP-N-acetylmuramoyl-pentapeptide biosynthesis I (meso-diaminopimelate containing)|g__Parabacteroides.s__Parabacteroides_distasonis	0.0000000421
PWY-6387: UDP-N-acetylmuramoyl-pentapeptide biosynthesis I (meso-diaminopimelate containing)|unclassified	0.0000000001
PWY-6387: UDP-N-acetylmuramoyl-pentapeptide biosynthesis I (meso-diaminopimelate containing)|g__Faecalibacterium.s__Faecalibacterium_prausnitzii	0.7213848202
PWY-6387: UDP-N-acetylmuramoyl-pentapeptide biosynthesis I (meso-diaminopimelate containing)|g__Lachnospiraceae_noname.s__Lachnospiraceae_bacterium_5_1_63FAA	0.0000000000
PWY-6387: UDP-N-acetylmuramoyl-pentapeptide biosynthesis I (meso-diaminopimelate containing)|g__Bacteroides.s__Bacteroides_xylanisolvens	0.0000000000
PWY-6387: UDP-N-acetylmuramoyl-pentapeptide biosynthesis I (meso-diaminopimelate containing)|g__Parasutterella.s__Parasutterella_excrementihominis	0.0000000000
PWY-6387: UDP-N-acetylmuramoyl-pentapeptide biosynthesis I (meso-diaminopimelate containing)|g__Haemophilus.s__Haemophilus_parainfluenzae	0.0000000001
PWY-6387: UDP-N-acetylmuramoyl-pentapeptide biosynthesis I (meso-diaminopimelate containing)|g__Bacteroides.s__Bacteroides_ovatus	0.0000000000
PWY-6387: UDP-N-acetylmuramoyl-pentapeptide biosynthesis I (meso-diaminopimelate containing)|g__Eubacterium.s__Eubacterium_eligens	0.0000617626
TRNA-CHARGING-PWY: tRNA charging	0.0000000164
TRNA-CHARGING-PWY: tRNA charging|unclassified	0.0000000001
PWY-6700: queuosine biosynthesis	1.0000000000
PWY-6700: queuosine biosynthesis|g__Bacteroides.s__Bacteroides_vulgatus	0.0000000000
PWY-6700: queuosine biosynthesis|g__Bacteroides.s__Bacteroides_faecis	0.9942766683
PWY-6700: queuosine biosynthesis|unclassified	0.0000000000
PWY-6700: queuosine biosynthesis|g__Parabacteroides.s__Parabacteroides_distasonis	0.0000000000
PWY-6700: queuosine biosynthesis|g__Parasutterella.s__Parasutterella_excrementihominis	0.0960884621
PWY-6700: queuosine biosynthesis|g__Bacteroides.s__Bacteroides_xylanisolvens	0.0000000000
PWY-6700: queuosine biosynthesis|g__Lachnospiraceae_noname.s__Lachnospiraceae_bacterium_5_1_63FAA	0.0000000000
PWY-6700: queuosine biosynthesis|g__Bacteroides.s__Bacteroides_ovatus	0.0000000000
PWY-6123: inosine-5'-phosphate biosynthesis I	1.0000000000
PWY-6123: inosine-5'-phosphate biosynthesis I|g__Bacteroides.s__Bacteroides_xylanisolvens	0.9999989456
PWY-6123: inosine-5'-phosphate biosynthesis I|g__Bacteroides.s__Bacteroides_faecis	0.9988949909
PWY-6123: inosine-5'-phosphate biosynthesis I|g__Bacteroides.s__Bacteroides_ovatus	0.9966113706
PWY-6123: inosine-5'-phosphate biosynthesis I|g__Lachnospiraceae_noname.s__Lachnospiraceae_bacterium_5_1_63FAA	0.0010200269
PWY-6123: inosine-5'-phosphate biosynthesis I|unclassified	0.0000000000
PWY-6123: inosine-5'-phosphate biosynthesis I|g__Faecalibacterium.s__Faecalibacterium_prausnitzii	0.0000000329
PWY-6123: inosine-5'-phosphate biosynthesis I|g__Haemophilus.s__Haemophilus_parainfluenzae	0.0000000000
GLCMANNANAUT-PWY: superpathway of N-acetylglucosamine, N-acetylmannosamine and N-acetylneuraminate degradation	0.9999779802
GLCMANNANAUT-PWY: superpathway of N-acetylglucosamine, N-acetylmannosamine and N-acetylneuraminate degradation|g__Haemophilus.s__Haemophilus_parainfluenzae	1.0000000000
GLCMANNANAUT-PWY: superpathway of N-acetylglucosamine, N-acetylmannosamine and N-acetylneuraminate degradation|unclassified	0.0000000000
GLCMANNANAUT-PWY: superpathway of N-acetylglucosamine, N-acetylmannosamine and N-acetylneuraminate degradation|g__Faecalibacterium.s__Faecalibacterium_prausnitzii	0.0000001720
GLCMANNANAUT-PWY: superpathway of N-acetylglucosamine, N-acetylmannosamine and N-acetylneuraminate degradation|g__Blautia.s__Ruminococcus_torques	0.0043489562
PWY-5695: urate biosynthesis/inosine 5'-phosphate degradation	1.0000000000
PWY-5695: urate biosynthesis/inosine 5'-phosphate degradation|g__Bacteroides.s__Bacteroides_vulgatus	0.0000000000
PWY-5695: urate biosynthesis/inosine 5'-phosphate degradation|g__Parabacteroides.s__Parabacteroides_distasonis	0.0032505858
PWY-5695: urate biosynthesis/inosine 5'-phosphate degradation|unclassified	0.0000000000
PWY-5695: urate biosynthesis/inosine 5'-phosphate degradation|g__Bacteroides.s__Bacteroides_faecis	0.0000000009
PWY-5695: urate biosynthesis/inosine 5'-phosphate degradation|g__Bacteroides.s__Bacteroides_ovatus	0.0000000000
PWY-5695: urate biosynthesis/inosine 5'-phosphate degradation|g__Faecalibacterium.s__Faecalibacterium_prausnitzii	0.0000000000
PWY-5695: urate biosynthesis/inosine 5'-phosphate degradation|g__Haemophilus.s__Haemophilus_parainfluenzae	0.0000000000
PWY-6124: inosine-5'-phosphate biosynthesis II	1.0000000000
PWY-6124: inosine-5'-phosphate biosynthesis II|g__Bacteroides.s__Bacteroides_xylanisolvens	1.0000000000
PWY-6124: inosine-5'-phosphate biosynthesis II|g__Bacteroides.s__Bacteroides_faecis	0.9986742822
PWY-6124: inosine-5'-phosphate biosynthesis II|g__Bacteroides.s__Bacteroides_ovatus	0.9999999472
PWY-6124: inosine-5'-phosphate biosynthesis II|g__Lachnospiraceae_noname.s__Lachnospiraceae_bacterium_5_1_63FAA	0.3672738748
PWY-6124: inosine-5'-phosphate biosynthesis II|g__Faecalibacterium.s__Faecalibacterium_prausnitzii	0.0010138853
PWY-6124: inosine-5'-phosphate biosynthesis II|unclassified	0.0000000000
PWY-6124: inosine-5'-phosphate biosynthesis II|g__Haemophilus.s__Haemophilus_parainfluenzae	0.0000000000
PWY-6385: peptidoglycan biosynthesis III (mycobacteria)	0.6927382925
PWY-6385: peptidoglycan biosynthesis III (mycobacteria)|g__Parabacteroides.s__Parabacteroides_distasonis	0.0000000000
PWY-6385: peptidoglycan biosynthesis III (mycobacteria)|g__Faecalibacterium.s__Faecalibacterium_prausnitzii	0.0000000000
PWY-6385: peptidoglycan biosynthesis III (mycobacteria)|g__Bacteroides.s__Bacteroides_xylanisolvens	0.0000000000
PWY-6385: peptidoglycan biosynthesis III (mycobacteria)|g__Bacteroides.s__Bacteroides_ovatus	0.0000000000
PWY-5686: UMP biosynthesis	0.0000002003
PWY-5686: UMP biosynthesis|g__Parabacteroides.s__Parabacteroides_distasonis	0.9994209522
PWY-5686: UMP biosynthesis|unclassified	0.0000000204
PWY-5686: UMP biosynthesis|g__Eubacterium.s__Eubacterium_rectale	0.0000000000
PWY-5686: UMP biosynthesis|g__Bacteroides.s__Bacteroides_faecis	0.0000054257
PWY-5686: UMP biosynthesis|g__Lachnospiraceae_noname.s__Lachnospiraceae_bacterium_5_1_63FAA	0.0000697348
PWY-5686: UMP biosynthesis|g__Faecalibacterium.s__Faecalibacterium_prausnitzii	0.0000000141
PWY-5686: UMP biosynthesis|g__Eubacterium.s__Eubacterium_ramulus	0.6930501945
PWY-5686: UMP biosynthesis|g__Dorea.s__Dorea_longicatena	0.0475911259
PWY-5686: UMP biosynthesis|g__Blautia.s__Ruminococcus_gnavus	0.0109981302
COA-PWY-1: coenzyme A biosynthesis II (mammalian)	0.9999630842
COA-PWY-1: coenzyme A biosynthesis II (mammalian)|g__Bacteroides.s__Bacteroides_vulgatus	0.0000000000
COA-PWY-1: coenzyme A biosynthesis II (mammalian)|g__Eubacterium.s__Eubacterium_rectale	0.0000042034
COA-PWY-1: coenzyme A biosynthesis II (mammalian)|g__Bacteroides.s__Bacteroides_xylanisolvens	0.9029697094
COA-PWY-1: coenzyme A biosynthesis II (mammalian)|g__Faecalibacterium.s__Faecalibacterium_prausnitzii	0.0115005475
COA-PWY-1: coenzyme A biosynthesis II (mammalian)|g__Parabacteroides.s__Parabacteroides_distasonis	0.0000000000
COA-PWY-1: coenzyme A biosynthesis II (mammalian)|unclassified	0.0000000000
COA-PWY-1: coenzyme A biosynthesis II (mammalian)|g__Bacteroides.s__Bacteroides_ovatus	0.0000000000
COA-PWY-1: coenzyme A biosynthesis II (mammalian)|g__Blautia.s__Ruminococcus_obeum	0.0020987443
COA-PWY-1: coenzyme A biosynthesis II (mammalian)|g__Bacteroides.s__Bacteroides_faecis	0.0000000000
COA-PWY-1: coenzyme A biosynthesis II (mammalian)|g__Lachnospiraceae_noname.s__Lachnospiraceae_bacterium_5_1_63FAA	0.0000000000
PWY-5100: pyruvate fermentation to acetate and lactate II	0.9999999999
PWY-5100: pyruvate fermentation to acetate and lactate II|unclassified	0.3156082866
PWY-5100: pyruvate fermentation to acetate and lactate II|g__Lachnospiraceae_noname.s__Lachnospiraceae_bacterium_5_1_63FAA	0.0000000033
PWY-5100: pyruvate fermentation to acetate and lactate II|g__Coprococcus.s__Coprococcus_catus	0.0002268382
PWY-5100: pyruvate fermentation to acetate and lactate II|g__Blautia.s__Ruminococcus_torques	0.0001087300
PWY-6317: galactose degradation I (Leloir pathway)	0.0000000027
PWY-6317: galactose degradation I (Leloir pathway)|g__Faecalibacterium.s__Faecalibacterium_prausnitzii	0.6792332849
PWY-6317: galactose degradation I (Leloir pathway)|g__Lachnospiraceae_noname.s__Lachnospiraceae_bacterium_5_1_63FAA	0.0357318346
PWY-6317: galactose degradation I (Leloir pathway)|unclassified	0.0000000000
PWY-6317: galactose degradation I (Leloir pathway)|g__Blautia.s__Ruminococcus_obeum	0.0000000000
PWY-6121: 5-aminoimidazole ribonucleotide biosynthesis I	0.9979063666
PWY-6121: 5-aminoimidazole ribonucleotide biosynthesis I|unclassified	0.1326106046
PWY-6121: 5-aminoimidazole ribonucleotide biosynthesis I|g__Parasutterella.s__Parasutterella_excrementihominis	0.0154439744
PWY-6121: 5-aminoimidazole ribonucleotide biosynthesis I|g__Lachnospiraceae_noname.s__Lachnospiraceae_bacterium_5_1_63FAA	0.0000000000
PWY-6121: 5-aminoimidazole ribonucleotide biosynthesis I|g__Faecalibacterium.s__Faecalibacterium_prausnitzii	0.0000000000
PWY-6121: 5-aminoimidazole ribonucleotide biosynthesis I|g__Coprococcus.s__Coprococcus_comes	0.0005644197
PWY-6121: 5-aminoimidazole ribonucleotide biosynthesis I|g__Haemophilus.s__Haemophilus_parainfluenzae	0.0000112894
PWY-6121: 5-aminoimidazole ribonucleotide biosynthesis I|g__Blautia.s__Ruminococcus_obeum	0.0270413080
PWY-6121: 5-aminoimidazole ribonucleotide biosynthesis I|g__Eubacterium.s__Eubacterium_eligens	0.0000000072
PWY-6121: 5-aminoimidazole ribonucleotide biosynthesis I|g__Eubacterium.s__Eubacterium_ramulus	0.0000158701
PWY-6122: 5-aminoimidazole ribonucleotide biosynthesis II	0.9973843274
PWY-6122: 5-aminoimidazole ribonucleotide biosynthesis II|unclassified	0.9100840249
PWY-6122: 5-aminoimidazole ribonucleotide biosynthesis II|g__Lachnospiraceae_noname.s__Lachnospiraceae_bacterium_5_1_63FAA	0.0000177071
PWY-6122: 5-aminoimidazole ribonucleotide biosynthesis II|g__Parasutterella.s__Parasutterella_excrementihominis	0.0125442236
PWY-6122: 5-aminoimidazole ribonucleotide biosynthesis II|g__Faecalibacterium.s__Faecalibacterium_prausnitzii	0.0000000000
PWY-6122: 5-aminoimidazole ribonucleotide biosynthesis II|g__Eubacterium.s__Eubacterium_eligens	0.6569195690
PWY-6122: 5-aminoimidazole ribonucleotide biosynthesis II|g__Haemophilus.s__Haemophilus_parainfluenzae	0.0000096305
PWY-6122: 5-aminoimidazole ribonucleotide biosynthesis II|g__Coprococcus.s__Coprococcus_comes	0.0004515959
PWY-6122: 5-aminoimidazole ribonucleotide biosynthesis II|g__Blautia.s__Ruminococcus_obeum	0.0234324662
PWY-6122: 5-aminoimidazole ribonucleotide biosynthesis II|g__Clostridium.s__Clostridium_nexile	0.0008721816
PWY-6122: 5-aminoimidazole ribonucleotide biosynthesis II|g__Collinsella.s__Collinsella_aerofaciens	0.0744743057
PWY-6122: 5-aminoimidazole ribonucleotide biosynthesis II|g__Eubacterium.s__Eubacterium_ramulus	0.0000126962
PWY-6277: superpathway of 5-aminoimidazole ribonucleotide biosynthesis	0.9973843274
PWY-6277: superpathway of 5-aminoimidazole ribonucleotide biosynthesis|unclassified	0.9100840249
PWY-6277: superpathway of 5-aminoimidazole ribonucleotide biosynthesis|g__Lachnospiraceae_noname.s__Lachnospiraceae_bacterium_5_1_63FAA	0.0000177071
PWY-6277: superpathway of 5-aminoimidazole ribonucleotide biosynthesis|g__Parasutterella.s__Parasutterella_excrementihominis	0.0125442236
PWY-6277: superpathway of 5-aminoimidazole ribonucleotide biosynthesis|g__Faecalibacterium.s__Faecalibacterium_prausnitzii	0.0000000000
PWY-6277: superpathway of 5-aminoimidazole ribonucleotide biosynthesis|g__Eubacterium.s__Eubacterium_eligens	0.6569195690
PWY-6277: superpathway of 5-aminoimidazole ribonucleotide biosynthesis|g__Haemophilus.s__Haemophilus_parainfluenzae	0.0000096305
PWY-6277: superpathway of 5-aminoimidazole ribonucleotide biosynthesis|g__Coprococcus.s__Coprococcus_comes	0.0004515959
PWY-6277: superpathway of 5-aminoimidazole ribonucleotide biosynthesis|g__Blautia.s__Ruminococcus_obeum	0.0234324662
PWY-6277: superpathway of 5-aminoimidazole ribonucleotide biosynthesis|g__Clostridium.s__Clostridium_nexile	0.0008721816
PWY-6277: superpathway of 5-aminoimidazole ribonucleotide biosynthesis|g__Collinsella.s__Collinsella_aerofaciens	0.0744743057
PWY-6277: superpathway of 5-aminoimidazole ribonucleotide biosynthesis|g__Eubacterium.s__Eubacterium_ramulus	0.0000126962
GLYCOGENSYNTH-PWY: glycogen biosynthesis I (from ADP-D-Glucose)	0.3412777407
GLYCOGENSYNTH-PWY: glycogen biosynthesis I (from ADP-D-Glucose)|g__Eubacterium.s__Eubacterium_rectale	0.9999999487
GLYCOGENSYNTH-PWY: glycogen biosynthesis I (from ADP-D-Glucose)|unclassified	0.3116128337
GLYCOGENSYNTH-PWY: glycogen biosynthesis I (from ADP-D-Glucose)|g__Lachnospiraceae_noname.s__Lachnospiraceae_bacterium_5_1_63FAA	0.9544687173
GLYCOGENSYNTH-PWY: glycogen biosynthesis I (from ADP-D-Glucose)|g__Blautia.s__Ruminococcus_obeum	0.0000000000
SER-GLYSYN-PWY: superpathway of L-serine and glycine biosynthesis I	0.0000711528
SER-GLYSYN-PWY: superpathway of L-serine and glycine biosynthesis I|unclassified	0.9994278095
SER-GLYSYN-PWY: superpathway of L-serine and glycine biosynthesis I|g__Lachnospiraceae_noname.s__Lachnospiraceae_bacterium_5_1_63FAA	0.9327082916
SER-GLYSYN-PWY: superpathway of L-serine and glycine biosynthesis I|g__Haemophilus.s__Haemophilus_parainfluenzae	0.7648475645
SER-GLYSYN-PWY: superpathway of L-serine and glycine biosynthesis I|g__Faecalibacterium.s__Faecalibacterium_prausnitzii	0.0000000000
SER-GLYSYN-PWY: superpathway of L-serine and glycine biosynthesis I|g__Coprococcus.s__Coprococcus_catus	0.0000722534
PWY-5667: CDP-diacylglycerol biosynthesis I	0.9957161344
PWY-5667: CDP-diacylglycerol biosynthesis I|g__Eubacterium.s__Eubacterium_rectale	0.9991841548
PWY-5667: CDP-diacylglycerol biosynthesis I|g__Parabacteroides.s__Parabacteroides_distasonis	0.0000000000
PWY-5667: CDP-diacylglycerol biosynthesis I|g__Faecalibacterium.s__Faecalibacterium_prausnitzii	0.5920085813
PWY-5667: CDP-diacylglycerol biosynthesis I|g__Lachnospiraceae_noname.s__Lachnospiraceae_bacterium_5_1_63FAA	0.0010856420
PWY-5667: CDP-diacylglycerol biosynthesis I|g__Bacteroides.s__Bacteroides_faecis	0.0000171064
PWY-5667: CDP-diacylglycerol biosynthesis I|g__Bacteroides.s__Bacteroides_xylanisolvens	0.0000000000
PWY-5667: CDP-diacylglycerol biosynthesis I|g__Haemophilus.s__Haemophilus_parainfluenzae	0.0000000669
PWY-5667: CDP-diacylglycerol biosynthesis I|g__Bacteroides.s__Bacteroides_ovatus	0.0000000000
PWY-5667: CDP-diacylglycerol biosynthesis I|g__Eubacterium.s__Eubacterium_eligens	0.0002823193
PWY0-1319: CDP-diacylglycerol biosynthesis II	0.9957161344
PWY0-1319: CDP-diacylglycerol biosynthesis II|g__Eubacterium.s__Eubacterium_rectale	0.9991841548
PWY0-1319: CDP-diacylglycerol biosynthesis II|g__Parabacteroides.s__Parabacteroides_distasonis	0.0000000000
PWY0-1319: CDP-diacylglycerol biosynthesis II|g__Faecalibacterium.s__Faecalibacterium_prausnitzii	0.5920085813
PWY0-1319: CDP-diacylglycerol biosynthesis II|g__Lachnospiraceae_noname.s__Lachnospiraceae_bacterium_5_1_63FAA	0.0010856420
PWY0-1319: CDP-diacylglycerol biosynthesis II|g__Bacteroides.s__Bacteroides_faecis	0.0000171064
PWY0-1319: CDP-diacylglycerol biosynthesis II|g__Bacteroides.s__Bacteroides_xylanisolvens	0.0000000000
PWY0-1319: CDP-diacylglycerol biosynthesis II|g__Haemophilus.s__Haemophilus_parainfluenzae	0.0000000669
PWY0-1319: CDP-diacylglycerol biosynthesis II|g__Bacteroides.s__Bacteroides_ovatus	0.0000000000
PWY0-1319: CDP-diacylglycerol biosynthesis II|g__Eubacterium.s__Eubacterium_eligens	0.0002823193
NONMEVIPP-PWY: methylerythritol phosphate pathway I	0.0000280093
NONMEVIPP-PWY: methylerythritol phosphate pathway I|g__Eubacterium.s__Eubacterium_rectale	0.0000000000
NONMEVIPP-PWY: methylerythritol phosphate pathway I|g__Bacteroides.s__Bacteroides_vulgatus	0.0000000000
NONMEVIPP-PWY: methylerythritol phosphate pathway I|g__Parasutterella.s__Parasutterella_excrementihominis	0.0135884816
NONMEVIPP-PWY: methylerythritol phosphate pathway I|g__Bacteroides.s__Bacteroides_xylanisolvens	0.0000000000
NONMEVIPP-PWY: methylerythritol phosphate pathway I|g__Bacteroides.s__Bacteroides_ovatus	0.0000000000
NONMEVIPP-PWY: methylerythritol phosphate pathway I|g__Blautia.s__Ruminococcus_obeum	0.0000000000
ARO-PWY: chorismate biosynthesis I	0.0000000000
ARO-PWY: chorismate biosynthesis I|g__Eubacterium.s__Eubacterium_rectale	0.0000000000
ARO-PWY: chorismate biosynthesis I|unclassified	0.0000000000
ARO-PWY: chorismate biosynthesis I|g__Haemophilus.s__Haemophilus_parainfluenzae	0.0000000005
ARO-PWY: chorismate biosynthesis I|g__Lachnospiraceae_noname.s__Lachnospiraceae_bacterium_5_1_63FAA	0.0000000000
ARO-PWY: chorismate biosynthesis I|g__Parasutterella.s__Parasutterella_excrementihominis	0.0000000000
ARO-PWY: chorismate biosynthesis I|g__Blautia.s__Ruminococcus_obeum	0.0000000004
PWY-6151: S-adenosyl-L-methionine cycle I	0.5440323408
PWY-6151: S-adenosyl-L-methionine cycle I|g__Bacteroides.s__Bacteroides_vulgatus	0.0000000000
PWY-6151: S-adenosyl-L-methionine cycle I|g__Eubacterium.s__Eubacterium_rectale	0.0000000000
PWY-6151: S-adenosyl-L-methionine cycle I|unclassified	0.3034709103
PWY-6151: S-adenosyl-L-methionine cycle I|g__Faecalibacterium.s__Faecalibacterium_prausnitzii	0.3298343164
PWY-6151: S-adenosyl-L-methionine cycle I|g__Haemophilus.s__Haemophilus_parainfluenzae	0.0000149277
PWY-6151: S-adenosyl-L-methionine cycle I|g__Blautia.s__Ruminococcus_obeum	0.0058750191
PWY-6151: S-adenosyl-L-methionine cycle I|g__Lachnospiraceae_noname.s__Lachnospiraceae_bacterium_5_1_63FAA	0.0000000000
PWY-6151: S-adenosyl-L-methionine cycle I|g__Eubacterium.s__Eubacterium_eligens	0.0560636806
PWY-6151: S-adenosyl-L-methionine cycle I|g__Coprococcus.s__Coprococcus_comes	0.0000000000
PWY-6163: chorismate biosynthesis from 3-dehydroquinate	0.0000000000
PWY-6163: chorismate biosynthesis from 3-dehydroquinate|g__Eubacterium.s__Eubacterium_rectale	0.0000000000
PWY-6163: chorismate biosynthesis from 3-dehydroquinate|unclassified	0.0000000000
PWY-6163: chorismate biosynthesis from 3-dehydroquinate|g__Haemophilus.s__Haemophilus_parainfluenzae	0.0000000004
PWY-6163: chorismate biosynthesis from 3-dehydroquinate|g__Lachnospiraceae_noname.s__Lachnospiraceae_bacterium_5_1_63FAA	0.0000000000
PWY-6163: chorismate biosynthesis from 3-dehydroquinate|g__Parasutterella.s__Parasutterella_excrementihominis	0.0000000000
PWY-6163: chorismate biosynthesis from 3-dehydroquinate|g__Blautia.s__Ruminococcus_obeum	0.0000000017
ARGININE-SYN4-PWY: L-ornithine de novo  biosynthesis	0.9999999745
ARGININE-SYN4-PWY: L-ornithine de novo  biosynthesis|g__Bacteroides.s__Bacteroides_xylanisolvens	0.0000000000
ARGININE-SYN4-PWY: L-ornithine de novo  biosynthesis|g__Bacteroides.s__Bacteroides_ovatus	0.0000000002
ARGININE-SYN4-PWY: L-ornithine de novo  biosynthesis|g__Bacteroides.s__Bacteroides_faecis	0.0000000000
ANAEROFRUCAT-PWY: homolactic fermentation	0.0000000000
ANAEROFRUCAT-PWY: homolactic fermentation|unclassified	0.0000000000
PWY-5973: cis-vaccenate biosynthesis	0.0014296701
PWY-5973: cis-vaccenate biosynthesis|g__Eubacterium.s__Eubacterium_rectale	0.0000000000
ASPASN-PWY: superpathway of L-aspartate and L-asparagine biosynthesis	0.8564076078
ASPASN-PWY: superpathway of L-aspartate and L-asparagine biosynthesis|g__Bacteroides.s__Bacteroides_ovatus	0.0000171901
ASPASN-PWY: superpathway of L-aspartate and L-asparagine biosynthesis|g__Haemophilus.s__Haemophilus_parainfluenzae	0.7327496642
ASPASN-PWY: superpathway of L-aspartate and L-asparagine biosynthesis|g__Faecalibacterium.s__Faecalibacterium_prausnitzii	0.0000008941
ASPASN-PWY: superpathway of L-aspartate and L-asparagine biosynthesis|g__Bacteroides.s__Bacteroides_faecis	0.0000000000
ASPASN-PWY: superpathway of L-aspartate and L-asparagine biosynthesis|g__Bacteroides.s__Bacteroides_xylanisolvens	0.0000000000
PWY0-162: superpathway of pyrimidine ribonucleotides de novo biosynthesis	0.0000000000
PWY0-162: superpathway of pyrimidine ribonucleotides de novo biosynthesis|unclassified	0.0000000000
COMPLETE-ARO-PWY: superpathway of aromatic amino acid biosynthesis	0.0000000000
COMPLETE-ARO-PWY: superpathway of aromatic amino acid biosynthesis|g__Eubacterium.s__Eubacterium_rectale	0.0000000000
COMPLETE-ARO-PWY: superpathway of aromatic amino acid biosynthesis|g__Haemophilus.s__Haemophilus_parainfluenzae	0.0000000001
COMPLETE-ARO-PWY: superpathway of aromatic amino acid biosynthesis|g__Blautia.s__Ruminococcus_obeum	0.0000000005
PWY-724: superpathway of L-lysine, L-threonine and L-methionine biosynthesis II	0.0000000000
PWY-724: superpathway of L-lysine, L-threonine and L-methionine biosynthesis II|unclassified	0.0000000001
PWY-724: superpathway of L-lysine, L-threonine and L-methionine biosynthesis II|g__Faecalibacterium.s__Faecalibacterium_prausnitzii	0.0026910401
PWY-724: superpathway of L-lysine, L-threonine and L-methionine biosynthesis II|g__Haemophilus.s__Haemophilus_parainfluenzae	0.0000000000
PWY-7663: gondoate biosynthesis (anaerobic)	0.0011440632
PWY-7663: gondoate biosynthesis (anaerobic)|g__Bacteroides.s__Bacteroides_ovatus	0.3298483984
PWY-7663: gondoate biosynthesis (anaerobic)|g__Bacteroides.s__Bacteroides_xylanisolvens	0.0050702927
PWY-7663: gondoate biosynthesis (anaerobic)|g__Bacteroides.s__Bacteroides_faecis	0.0024421989
PWY-7663: gondoate biosynthesis (anaerobic)|g__Haemophilus.s__Haemophilus_parainfluenzae	0.0000000000
PWY-3001: superpathway of L-isoleucine biosynthesis I	0.0000000000
PWY-3001: superpathway of L-isoleucine biosynthesis I|unclassified	0.0000000000
PWY-3001: superpathway of L-isoleucine biosynthesis I|g__Faecalibacterium.s__Faecalibacterium_prausnitzii	0.0026819783
PWY-3001: superpathway of L-isoleucine biosynthesis I|g__Haemophilus.s__Haemophilus_parainfluenzae	0.0000000000
PANTOSYN-PWY: pantothenate and coenzyme A biosynthesis I	0.0000000000
PANTOSYN-PWY: pantothenate and coenzyme A biosynthesis I|g__Bacteroides.s__Bacteroides_xylanisolvens	0.0000004084
PANTOSYN-PWY: pantothenate and coenzyme A biosynthesis I|g__Bacteroides.s__Bacteroides_ovatus	0.0000000000
PWY-6168: flavin biosynthesis III (fungi)	0.0000000000
PWY-6168: flavin biosynthesis III (fungi)|g__Bacteroides.s__Bacteroides_faecis	0.0000000000
HISTSYN-PWY: L-histidine biosynthesis	0.0000016509
HISTSYN-PWY: L-histidine biosynthesis|g__Parasutterella.s__Parasutterella_excrementihominis	0.0000000000
HISTSYN-PWY: L-histidine biosynthesis|g__Bacteroides.s__Bacteroides_faecis	0.0000000000
HISTSYN-PWY: L-histidine biosynthesis|g__Lachnospiraceae_noname.s__Lachnospiraceae_bacterium_5_1_63FAA	0.0000000000
PWY-6609: adenine and adenosine salvage III	0.0000000032
PWY-6609: adenine and adenosine salvage III|g__Faecalibacterium.s__Faecalibacterium_prausnitzii	0.9999556148
PWY-6609: adenine and adenosine salvage III|g__Bacteroides.s__Bacteroides_ovatus	0.6237159390
PWY-6609: adenine and adenosine salvage III|unclassified	0.0000000000
PWY-6609: adenine and adenosine salvage III|g__Bacteroides.s__Bacteroides_faecis	0.0000000006
PWY-6609: adenine and adenosine salvage III|g__Lachnospiraceae_noname.s__Lachnospiraceae_bacterium_5_1_63FAA	0.0000000000
PWY-6126: superpathway of adenosine nucleotides de novo biosynthesis II	0.0000000000
PWY-6126: superpathway of adenosine nucleotides de novo biosynthesis II|g__Bacteroides.s__Bacteroides_vulgatus	0.0000000000
PWY-6126: superpathway of adenosine nucleotides de novo biosynthesis II|g__Haemophilus.s__Haemophilus_parainfluenzae	0.0000000066
GALACTUROCAT-PWY: D-galacturonate degradation I	0.0000000000
GALACTUROCAT-PWY: D-galacturonate degradation I|g__Faecalibacterium.s__Faecalibacterium_prausnitzii	0.9999999963
GALACTUROCAT-PWY: D-galacturonate degradation I|unclassified	0.0000000000
PWY-6125: superpathway of guanosine nucleotides de novo biosynthesis II	0.0000000000
PWY-6125: superpathway of guanosine nucleotides de novo biosynthesis II|g__Parasutterella.s__Parasutterella_excrementihominis	0.0697297145
PWY-6125: superpathway of guanosine nucleotides de novo biosynthesis II|g__Bacteroides.s__Bacteroides_vulgatus	0.0000000000
PWY-6125: superpathway of guanosine nucleotides de novo biosynthesis II|g__Haemophilus.s__Haemophilus_parainfluenzae	0.0000000000
PWY-6527: stachyose degradation	0.0000000020
PWY-6527: stachyose degradation|g__Faecalibacterium.s__Faecalibacterium_prausnitzii	0.1028290430
PWY-6527: stachyose degradation|unclassified	0.0000000000
PWY-5659: GDP-mannose biosynthesis	0.0000000000
PWY-5659: GDP-mannose biosynthesis|g__Lachnospiraceae_noname.s__Lachnospiraceae_bacterium_5_1_63FAA	0.9146161976
PWY-5659: GDP-mannose biosynthesis|g__Faecalibacterium.s__Faecalibacterium_prausnitzii	0.9555126081
PWY-5659: GDP-mannose biosynthesis|g__Bacteroides.s__Bacteroides_ovatus	0.6831606642
PWY-5659: GDP-mannose biosynthesis|g__Bacteroides.s__Bacteroides_xylanisolvens	0.0063305183
HEXITOLDEGSUPER-PWY: superpathway of hexitol degradation (bacteria)	0.0000000000
PWY-6507: 4-deoxy-L-threo-hex-4-enopyranuronate degradation	0.0000000000
PWY-6507: 4-deoxy-L-threo-hex-4-enopyranuronate degradation|g__Faecalibacterium.s__Faecalibacterium_prausnitzii	1.0000000000
PWY-6507: 4-deoxy-L-threo-hex-4-enopyranuronate degradation|unclassified	0.0000000000
PWY-7196: superpathway of pyrimidine ribonucleosides salvage	0.0000000000
PWY-6703: preQ0 biosynthesis	0.0000000000
PWY-6703: preQ0 biosynthesis|g__Bacteroides.s__Bacteroides_vulgatus	0.0000000000
PWY-6703: preQ0 biosynthesis|g__Parabacteroides.s__Parabacteroides_distasonis	0.0000158702
PWY-6703: preQ0 biosynthesis|g__Bacteroides.s__Bacteroides_ovatus	0.0000003616
PWY-6703: preQ0 biosynthesis|g__Lachnospiraceae_noname.s__Lachnospiraceae_bacterium_5_1_63FAA	0.0000000000
PWY-6703: preQ0 biosynthesis|g__Bacteroides.s__Bacteroides_faecis	0.0000000000
PWY-6703: preQ0 biosynthesis|g__Bacteroides.s__Bacteroides_xylanisolvens	0.0000000000
PWY-7242: D-fructuronate degradation	0.0000000000
PWY-7242: D-fructuronate degradation|g__Faecalibacterium.s__Faecalibacterium_prausnitzii	1.0000000000
PWY-7242: D-fructuronate degradation|unclassified	0.0000000000
THRESYN-PWY: superpathway of L-threonine biosynthesis	0.0000000000
THRESYN-PWY: superpathway of L-threonine biosynthesis|g__Lachnospiraceae_noname.s__Lachnospiraceae_bacterium_5_1_63FAA	0.0000481527
THRESYN-PWY: superpathway of L-threonine biosynthesis|g__Faecalibacterium.s__Faecalibacterium_prausnitzii	0.0016173140
THRESYN-PWY: superpathway of L-threonine biosynthesis|unclassified	0.0000000000
THRESYN-PWY: superpathway of L-threonine biosynthesis|g__Haemophilus.s__Haemophilus_parainfluenzae	0.0000000020
PWY-621: sucrose degradation III (sucrose invertase)	0.0000000000
PWY-621: sucrose degradation III (sucrose invertase)|g__Faecalibacterium.s__Faecalibacterium_prausnitzii	1.0000000000
PWY-621: sucrose degradation III (sucrose invertase)|g__Lachnospiraceae_noname.s__Lachnospiraceae_bacterium_5_1_63FAA	0.0000000012
PWY-621: sucrose degradation III (sucrose invertase)|unclassified	0.0000000000
PWY-621: sucrose degradation III (sucrose invertase)|g__Blautia.s__Ruminococcus_obeum	0.0000000000
PWY-6901: superpathway of glucose and xylose degradation	0.0000000000
COA-PWY: coenzyme A biosynthesis I	0.0000000000
COA-PWY: coenzyme A biosynthesis I|g__Bacteroides.s__Bacteroides_xylanisolvens	0.9029687772
COA-PWY: coenzyme A biosynthesis I|g__Bacteroides.s__Bacteroides_ovatus	0.0000000184
COA-PWY: coenzyme A biosynthesis I|g__Faecalibacterium.s__Faecalibacterium_prausnitzii	0.0000000000
COA-PWY: coenzyme A biosynthesis I|unclassified	0.0000000000
COA-PWY: coenzyme A biosynthesis I|g__Lachnospiraceae_noname.s__Lachnospiraceae_bacterium_5_1_63FAA	0.0000000000
PWY-1269: CMP-3-deoxy-D-manno-octulosonate biosynthesis I	0.0000000000
PWY-1269: CMP-3-deoxy-D-manno-octulosonate biosynthesis I|g__Bacteroides.s__Bacteroides_faecis	0.8498024760
PWY-1269: CMP-3-deoxy-D-manno-octulosonate biosynthesis I|g__Bacteroides.s__Bacteroides_xylanisolvens	0.0000000000
PWY-1269: CMP-3-deoxy-D-manno-octulosonate biosynthesis I|g__Bacteroides.s__Bacteroides_ovatus	0.0000000000
PWY-1269: CMP-3-deoxy-D-manno-octulosonate biosynthesis I|g__Haemophilus.s__Haemophilus_parainfluenzae	0.0000000000
P461-PWY: hexitol fermentation to lactate, formate, ethanol and acetate	0.0000000000
P461-PWY: hexitol fermentation to lactate, formate, ethanol and acetate|g__Lachnospiraceae_noname.s__Lachnospiraceae_bacterium_5_1_63FAA	0.9999950051
PWY-7187: pyrimidine deoxyribonucleotides de novo biosynthesis II	0.0000000000
PWY-7187: pyrimidine deoxyribonucleotides de novo biosynthesis II|g__Haemophilus.s__Haemophilus_parainfluenzae	0.0000000062
PWY0-166: superpathway of pyrimidine deoxyribonucleotides de novo biosynthesis (E. coli)	0.0000000000
PWY0-166: superpathway of pyrimidine deoxyribonucleotides de novo biosynthesis (E. coli)|g__Parasutterella.s__Parasutterella_excrementihominis	0.0000000008
PWY0-166: superpathway of pyrimidine deoxyribonucleotides de novo biosynthesis (E. coli)|g__Haemophilus.s__Haemophilus_parainfluenzae	0.0000000000
PWY-841: superpathway of purine nucleotides de novo biosynthesis I	0.0000000000
PWY-841: superpathway of purine nucleotides de novo biosynthesis I|g__Haemophilus.s__Haemophilus_parainfluenzae	0.0000000000
GLUCUROCAT-PWY: superpathway of &beta;-D-glucuronide and D-glucuronate degradation	0.0000000000
GLUCUROCAT-PWY: superpathway of &beta;-D-glucuronide and D-glucuronate degradation|g__Faecalibacterium.s__Faecalibacterium_prausnitzii	1.0000000000
DENOVOPURINE2-PWY: superpathway of purine nucleotides de novo biosynthesis II	0.0000000000
DENOVOPURINE2-PWY: superpathway of purine nucleotides de novo biosynthesis II|g__Haemophilus.s__Haemophilus_parainfluenzae	0.0000000000
THISYNARA-PWY: superpathway of thiamin diphosphate biosynthesis III (eukaryotes)	0.0000000000
THISYNARA-PWY: superpathway of thiamin diphosphate biosynthesis III (eukaryotes)|g__Faecalibacterium.s__Faecalibacterium_prausnitzii	0.0002366333
THISYNARA-PWY: superpathway of thiamin diphosphate biosynthesis III (eukaryotes)|g__Lachnospiraceae_noname.s__Lachnospiraceae_bacterium_5_1_63FAA	0.0000000000
THISYNARA-PWY: superpathway of thiamin diphosphate biosynthesis III (eukaryotes)|g__Bacteroides.s__Bacteroides_ovatus	0.0000000000
PWY-7211: superpathway of pyrimidine deoxyribonucleotides de novo biosynthesis	0.0000000000
PENTOSE-P-PWY: pentose phosphate pathway	0.0000000000
PWY-4242: pantothenate and coenzyme A biosynthesis III	0.0000000000
PWY-4242: pantothenate and coenzyme A biosynthesis III|g__Bacteroides.s__Bacteroides_xylanisolvens	0.0000000000
PWY-4242: pantothenate and coenzyme A biosynthesis III|g__Bacteroides.s__Bacteroides_ovatus	0.0000000000
PWY-4242: pantothenate and coenzyme A biosynthesis III|g__Faecalibacterium.s__Faecalibacterium_prausnitzii	0.0000000000
PWY-7220: adenosine deoxyribonucleotides de novo biosynthesis II	0.0000000000
PWY-7220: adenosine deoxyribonucleotides de novo biosynthesis II|g__Parasutterella.s__Parasutterella_excrementihominis	0.0311243294
PWY-7220: adenosine deoxyribonucleotides de novo biosynthesis II|g__Haemophilus.s__Haemophilus_parainfluenzae	0.0273460851
PWY-7220: adenosine deoxyribonucleotides de novo biosynthesis II|g__Bacteroides.s__Bacteroides_vulgatus	0.0000000000
PWY-7222: guanosine deoxyribonucleotides de novo biosynthesis II	0.0000000000
PWY-7222: guanosine deoxyribonucleotides de novo biosynthesis II|g__Parasutterella.s__Parasutterella_excrementihominis	0.0311243294
PWY-7222: guanosine deoxyribonucleotides de novo biosynthesis II|g__Haemophilus.s__Haemophilus_parainfluenzae	0.0273460851
PWY-7222: guanosine deoxyribonucleotides de novo biosynthesis II|g__Bacteroides.s__Bacteroides_vulgatus	0.0000000000
GALACT-GLUCUROCAT-PWY: superpathway of hexuronide and hexuronate degradation	0.0000000000
GALACT-GLUCUROCAT-PWY: superpathway of hexuronide and hexuronate degradation|g__Faecalibacterium.s__Faecalibacterium_prausnitzii	0.1322519923
PWY-7184: pyrimidine deoxyribonucleotides de novo biosynthesis I	0.0000000000
PWY-7184: pyrimidine deoxyribonucleotides de novo biosynthesis I|g__Parasutterella.s__Parasutterella_excrementihominis	0.0000000007
PWY-7184: pyrimidine deoxyribonucleotides de novo biosynthesis I|g__Haemophilus.s__Haemophilus_parainfluenzae	0.0000000000
P162-PWY: L-glutamate degradation V (via hydroxyglutarate)	0.0000000000
P162-PWY: L-glutamate degradation V (via hydroxyglutarate)|unclassified	0.0000000000
P441-PWY: superpathway of N-acetylneuraminate degradation	0.0000000000
P441-PWY: superpathway of N-acetylneuraminate degradation|unclassified	0.0000000000
PWY-6897: thiamin salvage II	0.0000000000
PWY-7400: L-arginine biosynthesis IV (archaebacteria)	0.0000000000
PWY-7400: L-arginine biosynthesis IV (archaebacteria)|unclassified	0.0000000000
PWY-7400: L-arginine biosynthesis IV (archaebacteria)|g__Parasutterella.s__Parasutterella_excrementihominis	0.0000000000
PWY66-409: superpathway of purine nucleotide salvage	0.0000000000
PRPP-PWY: superpathway of histidine, purine, and pyrimidine biosynthesis	0.0000000000
PWY-7357: thiamin formation from pyrithiamine and oxythiamine (yeast)	0.0000000000
PWY-7357: thiamin formation from pyrithiamine and oxythiamine (yeast)|g__Faecalibacterium.s__Faecalibacterium_prausnitzii	0.0000003292
PWY-7357: thiamin formation from pyrithiamine and oxythiamine (yeast)|g__Lachnospiraceae_noname.s__Lachnospiraceae_bacterium_5_1_63FAA	0.0000000000
PWY-7357: thiamin formation from pyrithiamine and oxythiamine (yeast)|g__Coprococcus.s__Coprococcus_catus	0.2602008879
PWY-7197: pyrimidine deoxyribonucleotide phosphorylation	0.0000000000
PWY-7197: pyrimidine deoxyribonucleotide phosphorylation|g__Parasutterella.s__Parasutterella_excrementihominis	0.0000000003
PWY-7197: pyrimidine deoxyribonucleotide phosphorylation|g__Haemophilus.s__Haemophilus_parainfluenzae	0.0243284104
PWY0-845: superpathway of pyridoxal 5'-phosphate biosynthesis and salvage	0.0000000000
PWY0-845: superpathway of pyridoxal 5'-phosphate biosynthesis and salvage|g__Bacteroides.s__Bacteroides_xylanisolvens	0.0000000000
PWY0-845: superpathway of pyridoxal 5'-phosphate biosynthesis and salvage|g__Bacteroides.s__Bacteroides_ovatus	0.0000000000
ARGSYN-PWY: L-arginine biosynthesis I (via L-ornithine)	0.0000000000
ARGSYN-PWY: L-arginine biosynthesis I (via L-ornithine)|unclassified	0.0000000000
ARGSYN-PWY: L-arginine biosynthesis I (via L-ornithine)|g__Parasutterella.s__Parasutterella_excrementihominis	0.0000000000
PWY0-1296: purine ribonucleosides degradation	0.0000000000
PWY0-1296: purine ribonucleosides degradation|g__Faecalibacterium.s__Faecalibacterium_prausnitzii	0.6013794673
PWY0-1296: purine ribonucleosides degradation|unclassified	0.0000000000
PWY0-1296: purine ribonucleosides degradation|g__Eubacterium.s__Eubacterium_rectale	0.0000000000
PWY0-1296: purine ribonucleosides degradation|g__Lachnospiraceae_noname.s__Lachnospiraceae_bacterium_5_1_63FAA	0.0000000000
PWY-5989: stearate biosynthesis II (bacteria and plants)	0.0000000000
PYRIDOXSYN-PWY: pyridoxal 5'-phosphate biosynthesis I	0.0000000000
PYRIDOXSYN-PWY: pyridoxal 5'-phosphate biosynthesis I|g__Bacteroides.s__Bacteroides_xylanisolvens	0.0000000000
PYRIDOXSYN-PWY: pyridoxal 5'-phosphate biosynthesis I|g__Bacteroides.s__Bacteroides_ovatus	0.0000000000
PWY-5367: petroselinate biosynthesis	0.0000000000
PWY-5367: petroselinate biosynthesis|g__Eubacterium.s__Eubacterium_rectale	0.0000000000
PWY-5971: palmitate biosynthesis II (bacteria and plants)	0.0000000000
PWY-6113: superpathway of mycolate biosynthesis	0.0000000000
PYRIDNUCSYN-PWY: NAD biosynthesis I (from aspartate)	0.0000000000
PYRIDNUCSYN-PWY: NAD biosynthesis I (from aspartate)|g__Lachnospiraceae_noname.s__Lachnospiraceae_bacterium_5_1_63FAA	0.0000000000
PWY-6284: superpathway of unsaturated fatty acids biosynthesis (E. coli)	0.0000000000
PWY-7282: 4-amino-2-methyl-5-phosphomethylpyrimidine biosynthesis (yeast)	0.0000000000
PWY-7282: 4-amino-2-methyl-5-phosphomethylpyrimidine biosynthesis (yeast)|g__Bacteroides.s__Bacteroides_ovatus	0.0000000000
PWY-7282: 4-amino-2-methyl-5-phosphomethylpyrimidine biosynthesis (yeast)|g__Bacteroides.s__Bacteroides_xylanisolvens	0.0000000000
FASYN-ELONG-PWY: fatty acid elongation -- saturated	0.0000000000
RHAMCAT-PWY: L-rhamnose degradation I	0.0000000000
RHAMCAT-PWY: L-rhamnose degradation I|g__Bacteroides.s__Bacteroides_ovatus	0.0083601050
RHAMCAT-PWY: L-rhamnose degradation I|unclassified	0.0000000000
RHAMCAT-PWY: L-rhamnose degradation I|g__Bacteroides.s__Bacteroides_xylanisolvens	0.0000000000
RHAMCAT-PWY: L-rhamnose degradation I|g__Bacteroides.s__Bacteroides_faecis	0.0000000000
COBALSYN-PWY: adenosylcobalamin salvage from cobinamide I	0.0000000000
COBALSYN-PWY: adenosylcobalamin salvage from cobinamide I|g__Eubacterium.s__Eubacterium_rectale	0.0000000000
COBALSYN-PWY: adenosylcobalamin salvage from cobinamide I|g__Faecalibacterium.s__Faecalibacterium_prausnitzii	0.0000000000
PWY-6282: palmitoleate biosynthesis I (from (5Z)-dodec-5-enoate)	0.0000000000
P42-PWY: incomplete reductive TCA cycle	0.0000000000
PWYG-321: mycolate biosynthesis	0.0000000000
PWY-7664: oleate biosynthesis IV (anaerobic)	0.0000000000
PWY-5083: NAD/NADH phosphorylation and dephosphorylation	0.0000000000
GLYCOLYSIS-E-D: superpathway of glycolysis and Entner-Doudoroff	0.0000000000
COLANSYN-PWY: colanic acid building blocks biosynthesis	0.0000000000
PWY-5188: tetrapyrrole biosynthesis I (from glutamate)	0.0000000000
PWY-5188: tetrapyrrole biosynthesis I (from glutamate)|g__Parasutterella.s__Parasutterella_excrementihominis	0.1217473526
PWY-5188: tetrapyrrole biosynthesis I (from glutamate)|g__Blautia.s__Ruminococcus_obeum	0.0205341010
PWY-5188: tetrapyrrole biosynthesis I (from glutamate)|g__Lachnospiraceae_noname.s__Lachnospiraceae_bacterium_5_1_63FAA	0.0000000000
PWY-5188: tetrapyrrole biosynthesis I (from glutamate)|g__Haemophilus.s__Haemophilus_parainfluenzae	0.0000000000
PWY0-862: (5Z)-dodec-5-enoate biosynthesis	0.0000000000
PWY0-862: (5Z)-dodec-5-enoate biosynthesis|g__Haemophilus.s__Haemophilus_parainfluenzae	0.0000000000
PWY-5676: acetyl-CoA fermentation to butanoate II	0.0000000000
PWY-5676: acetyl-CoA fermentation to butanoate II|unclassified	0.0000000000
TCA: TCA cycle I (prokaryotic)	0.0000000000
FASYN-INITIAL-PWY: superpathway of fatty acid biosynthesis initiation (E. coli)	0.0000000000
FASYN-INITIAL-PWY: superpathway of fatty acid biosynthesis initiation (E. coli)|g__Haemophilus.s__Haemophilus_parainfluenzae	0.0000340842
PWY-6545: pyrimidine deoxyribonucleotides de novo biosynthesis III	0.0000000000
PWY-6285: superpathway of fatty acids biosynthesis (E. coli)	0.0000000000
PWY-6969: TCA cycle V (2-oxoglutarate:ferredoxin oxidoreductase)	0.0000000000
PWY-6608: guanosine nucleotides degradation III	0.0000000000
PWY-7388: octanoyl-[acyl-carrier protein] biosynthesis (mitochondria, yeast)	0.0000000000
PHOSLIPSYN-PWY: superpathway of phospholipid biosynthesis I (bacteria)	0.0000000000
NAGLIPASYN-PWY: lipid IVA biosynthesis	0.0000000000
NAGLIPASYN-PWY: lipid IVA biosynthesis|g__Parasutterella.s__Parasutterella_excrementihominis	0.0074290685
NAGLIPASYN-PWY: lipid IVA biosynthesis|g__Haemophilus.s__Haemophilus_parainfluenzae	0.0000000000
PWY-6353: purine nucleotides degradation II (aerobic)	0.0000000000
SALVADEHYPOX-PWY: adenosine nucleotides degradation II	0.0000000000
SALVADEHYPOX-PWY: adenosine nucleotides degradation II|unclassified	0.0000000000
PWY-7199: pyrimidine deoxyribonucleosides salvage	0.0000000000
PWY-7199: pyrimidine deoxyribonucleosides salvage|g__Haemophilus.s__Haemophilus_parainfluenzae	0.0000000000
PWY-7323: superpathway of GDP-mannose-derived O-antigen building blocks biosynthesis	0.0000000000
PWY-7323: superpathway of GDP-mannose-derived O-antigen building blocks biosynthesis|g__Bacteroides.s__Bacteroides_ovatus	0.0000000697
PWY-7323: superpathway of GDP-mannose-derived O-antigen building blocks biosynthesis|g__Bacteroides.s__Bacteroides_xylanisolvens	0.0000000000
DAPLYSINESYN-PWY: L-lysine biosynthesis I	0.0000000000
DAPLYSINESYN-PWY: L-lysine biosynthesis I|g__Haemophilus.s__Haemophilus_parainfluenzae	0.0000000000
ARGSYNBSUB-PWY: L-arginine biosynthesis II (acetyl cycle)	0.0000000000
ARGSYNBSUB-PWY: L-arginine biosynthesis II (acetyl cycle)|g__Parasutterella.s__Parasutterella_excrementihominis	0.0000000000
PWY-7234: inosine-5'-phosphate biosynthesis III	0.0000000000
PWY-7234: inosine-5'-phosphate biosynthesis III|g__Haemophilus.s__Haemophilus_parainfluenzae	0.0000000000
PWY0-1479: tRNA processing	0.0000000000
PWY0-1479: tRNA processing|g__Parasutterella.s__Parasutterella_excrementihominis	0.2084651410
PWY-7210: pyrimidine deoxyribonucleotides biosynthesis from CTP	0.0000000000
PWY-7539: 6-hydroxymethyl-dihydropterin diphosphate biosynthesis III (Chlamydia)	0.0000000000
PWY-7539: 6-hydroxymethyl-dihydropterin diphosphate biosynthesis III (Chlamydia)|g__Bacteroides.s__Bacteroides_ovatus	0.0000000004
PWY-7539: 6-hydroxymethyl-dihydropterin diphosphate biosynthesis III (Chlamydia)|g__Bacteroides.s__Bacteroides_xylanisolvens	0.0000000000
PWY-6147: 6-hydroxymethyl-dihydropterin diphosphate biosynthesis I	0.0000000000
PWY-6147: 6-hydroxymethyl-dihydropterin diphosphate biosynthesis I|g__Bacteroides.s__Bacteroides_ovatus	0.0000000004
PWY-6147: 6-hydroxymethyl-dihydropterin diphosphate biosynthesis I|g__Bacteroides.s__Bacteroides_xylanisolvens	0.0000000000
PWY-6147: 6-hydroxymethyl-dihydropterin diphosphate biosynthesis I|g__Collinsella.s__Collinsella_aerofaciens	0.0082564920
P164-PWY: purine nucleobases degradation I (anaerobic)	0.0000000000
MET-SAM-PWY: superpathway of S-adenosyl-L-methionine biosynthesis	0.0000000000
MET-SAM-PWY: superpathway of S-adenosyl-L-methionine biosynthesis|g__Lachnospiraceae_noname.s__Lachnospiraceae_bacterium_5_1_63FAA	0.0000000000
PWY0-1297: superpathway of purine deoxyribonucleosides degradation	0.0000000000
PWY0-1297: superpathway of purine deoxyribonucleosides degradation|unclassified	0.0000000000
PWY-5347: superpathway of L-methionine biosynthesis (transsulfuration)	0.0000000000
PWY-5347: superpathway of L-methionine biosynthesis (transsulfuration)|g__Lachnospiraceae_noname.s__Lachnospiraceae_bacterium_5_1_63FAA	0.0000000000
PWY0-1586: peptidoglycan maturation (meso-diaminopimelate containing)	0.0000000000
GLYCOCAT-PWY: glycogen degradation I (bacterial)	0.0000000000
PWY-5690: TCA cycle II (plants and fungi)	0.0000000000
PWY-5154: L-arginine biosynthesis III (via N-acetyl-L-citrulline)	0.0000000000
P122-PWY: heterolactic fermentation	0.0000000000
METSYN-PWY: L-homoserine and L-methionine biosynthesis	0.0000000000
METSYN-PWY: L-homoserine and L-methionine biosynthesis|g__Lachnospiraceae_noname.s__Lachnospiraceae_bacterium_5_1_63FAA	0.0000000000
PWY-7198: pyrimidine deoxyribonucleotides de novo biosynthesis IV	0.0000000000
PWY4FS-7: phosphatidylglycerol biosynthesis I (plastidic)	0.0000000000
PWY4FS-8: phosphatidylglycerol biosynthesis II (non-plastidic)	0.0000000000
FERMENTATION-PWY: mixed acid fermentation	0.0000000000
PWY-5897: superpathway of menaquinol-11 biosynthesis	0.0000000000
PWY-5898: superpathway of menaquinol-12 biosynthesis	0.0000000000
PWY-5899: superpathway of menaquinol-13 biosynthesis	0.0000000000
P124-PWY: Bifidobacterium shunt	0.0000000000
P124-PWY: Bifidobacterium shunt|unclassified	0.0000000000
PWY-5104: L-isoleucine biosynthesis IV	0.0000000000
PWY-5104: L-isoleucine biosynthesis IV|unclassified	0.0000000000
PWY-5104: L-isoleucine biosynthesis IV|g__Lachnospiraceae_noname.s__Lachnospiraceae_bacterium_5_1_63FAA	0.0000000000
P185-PWY: formaldehyde assimilation III (dihydroxyacetone cycle)	0.0000000000
GLUTORN-PWY: L-ornithine biosynthesis	0.0000000000
GLUTORN-PWY: L-ornithine biosynthesis|unclassified	0.0000000000
GLUTORN-PWY: L-ornithine biosynthesis|g__Parasutterella.s__Parasutterella_excrementihominis	0.0000000000
PWY-4981: L-proline biosynthesis II (from arginine)	0.0000000000
PWY-4981: L-proline biosynthesis II (from arginine)|g__Collinsella.s__Collinsella_aerofaciens	0.3994855436
PWY-6936: seleno-amino acid biosynthesis	0.0000000000
PWY-6936: seleno-amino acid biosynthesis|g__Haemophilus.s__Haemophilus_parainfluenzae	0.0000001479
PWY-6936: seleno-amino acid biosynthesis|g__Lachnospiraceae_noname.s__Lachnospiraceae_bacterium_5_1_63FAA	0.0000000000
PWY-2941: L-lysine biosynthesis II	0.0000000000
CITRULBIO-PWY: L-citrulline biosynthesis	0.0000000000
PWY-5101: L-isoleucine biosynthesis II	0.0000000000
PWY-5101: L-isoleucine biosynthesis II|unclassified	0.0000000000
ARG+POLYAMINE-SYN: superpathway of arginine and polyamine biosynthesis	0.0000000000
HOMOSER-METSYN-PWY: L-methionine biosynthesis I	0.0000000000
HOMOSER-METSYN-PWY: L-methionine biosynthesis I|g__Lachnospiraceae_noname.s__Lachnospiraceae_bacterium_5_1_63FAA	0.0000000000
HSERMETANA-PWY: L-methionine biosynthesis III	0.0000000000
PWY-7003: glycerol degradation to butanol	0.0000000000
PWY4LZ-257: superpathway of fermentation (Chlamydomonas reinhardtii)	0.0000000000
PWY4LZ-257: superpathway of fermentation (Chlamydomonas reinhardtii)|unclassified	0.0000000000
PWY-4984: urea cycle	0.0000000000
POLYAMSYN-PWY: superpathway of polyamine biosynthesis I	0.0000000000
HEMESYN2-PWY: heme biosynthesis II (anaerobic)	0.0000000000
P161-PWY: acetylene degradation	0.0000000000
P161-PWY: acetylene degradation|unclassified	0.0000000000
PWY-6305: putrescine biosynthesis IV	0.0000000000
PWY-6305: putrescine biosynthesis IV|g__Faecalibacterium.s__Faecalibacterium_prausnitzii	0.0000000000
PWY-6305: putrescine biosynthesis IV|g__Blautia.s__Ruminococcus_obeum	0.0000000000
GOLPDLCAT-PWY: superpathway of glycerol degradation to 1,3-propanediol	0.0000000000
HEME-BIOSYNTHESIS-II: heme biosynthesis I (aerobic)	0.0000000000
PWY0-1061: superpathway of L-alanine biosynthesis	0.0000000000
PWY0-1061: superpathway of L-alanine biosynthesis|g__Haemophilus.s__Haemophilus_parainfluenzae	0.0000000646
BIOTIN-BIOSYNTHESIS-PWY: biotin biosynthesis I	0.0000000000
REDCITCYC: TCA cycle VIII (helicobacter)	0.0000000000
PWY-5791: 1,4-dihydroxy-2-naphthoate biosynthesis II (plants)	0.0000000000
PWY-5837: 1,4-dihydroxy-2-naphthoate biosynthesis I	0.0000000000
PWY0-1241: ADP-L-glycero-&beta;-D-manno-heptose biosynthesis	0.0000000000
PWY0-1241: ADP-L-glycero-&beta;-D-manno-heptose biosynthesis|g__Haemophilus.s__Haemophilus_parainfluenzae	0.0000175116
PPGPPMET-PWY: ppGpp biosynthesis	0.0000000000
PWY-6519: 8-amino-7-oxononanoate biosynthesis I	0.0000000000
PWY0-781: aspartate superpathway	0.0000000000
PWY-5863: superpathway of phylloquinol biosynthesis	0.0000000000
P4-PWY: superpathway of L-lysine, L-threonine and L-methionine biosynthesis I	0.0000000000
PWY0-1298: superpathway of pyrimidine deoxyribonucleosides degradation	0.0000000000
PWY0-1298: superpathway of pyrimidine deoxyribonucleosides degradation|g__Lachnospiraceae_noname.s__Lachnospiraceae_bacterium_5_1_63FAA	0.0000000000
TRPSYN-PWY: L-tryptophan biosynthesis	0.0000000000
PWY-6588: pyruvate fermentation to acetone	0.0000000000
PWY-6588: pyruvate fermentation to acetone|g__Lachnospiraceae_noname.s__Lachnospiraceae_bacterium_5_1_63FAA	0.0000000000
PWY-5345: superpathway of L-methionine biosynthesis (by sulfhydrylation)	0.0000000000
SULFATE-CYS-PWY: superpathway of sulfate assimilation and cysteine biosynthesis	0.0000000000
GLUCOSE1PMETAB-PWY: glucose and glucose-1-phosphate degradation	0.0000000000
SO4ASSIM-PWY: sulfate reduction I (assimilatory)	0.0000000000