# Pathway	ESM5MEE6_P_Coverage
UNMAPPED	1.0000000000
UNINTEGRATED	1.0000000000
UNINTEGRATED|g__Bacteroides.s__Bacteroides_faecis	1.0000000000
UNINTEGRATED|g__Bacteroides.s__Bacteroides_ovatus	1.0000000000
UNINTEGRATED|g__Bacteroides.s__Bacteroides_vulgatus	1.0000000000
UNINTEGRATED|g__Bacteroides.s__Bacteroides_xylanisolvens	1.0000000000
UNINTEGRATED|g__Blautia.s__Ruminococcus_gnavus	1.0000000000
UNINTEGRATED|g__Blautia.s__Ruminococcus_obeum	1.0000000000
UNINTEGRATED|g__Clostridium.s__Clostridium_bolteae	1.0000000000
UNINTEGRATED|g__Clostridium.s__Clostridium_nexile	1.0000000000
UNINTEGRATED|g__Clostridium.s__Clostridium_symbiosum	1.0000000000
UNINTEGRATED|g__Collinsella.s__Collinsella_aerofaciens	1.0000000000
UNINTEGRATED|g__Coprococcus.s__Coprococcus_catus	1.0000000000
UNINTEGRATED|g__Coprococcus.s__Coprococcus_comes	1.0000000000
UNINTEGRATED|g__Enterobacter.s__Enterobacter_cloacae	1.0000000000
UNINTEGRATED|g__Escherichia.s__Escherichia_coli	1.0000000000
UNINTEGRATED|g__Eubacterium.s__Eubacterium_eligens	1.0000000000
UNINTEGRATED|g__Eubacterium.s__Eubacterium_hallii	1.0000000000
UNINTEGRATED|g__Eubacterium.s__Eubacterium_ramulus	1.0000000000
UNINTEGRATED|g__Eubacterium.s__Eubacterium_rectale	1.0000000000
UNINTEGRATED|g__Faecalibacterium.s__Faecalibacterium_prausnitzii	1.0000000000
UNINTEGRATED|g__Flavonifractor.s__Flavonifractor_plautii	1.0000000000
UNINTEGRATED|g__Holdemania.s__Holdemania_filiformis	1.0000000000
UNINTEGRATED|g__Lachnospiraceae_noname.s__Lachnospiraceae_bacterium_5_1_63FAA	1.0000000000
UNINTEGRATED|g__Lachnospiraceae_noname.s__Lachnospiraceae_bacterium_7_1_58FAA	1.0000000000
UNINTEGRATED|g__Parabacteroides.s__Parabacteroides_distasonis	1.0000000000
UNINTEGRATED|g__Parasutterella.s__Parasutterella_excrementihominis	1.0000000000
UNINTEGRATED|g__Roseburia.s__Roseburia_hominis	1.0000000000
UNINTEGRATED|g__Roseburia.s__Roseburia_intestinalis	1.0000000000
UNINTEGRATED|g__Roseburia.s__Roseburia_inulinivorans	1.0000000000
UNINTEGRATED|unclassified	1.0000000000
PWY-1042: glycolysis IV (plant cytosol)	1.0000000000
PWY-1042: glycolysis IV (plant cytosol)|g__Faecalibacterium.s__Faecalibacterium_prausnitzii	0.0000000000
PWY-1042: glycolysis IV (plant cytosol)|unclassified	0.0018742235
PWY-1042: glycolysis IV (plant cytosol)|g__Bacteroides.s__Bacteroides_ovatus	0.0000000006
PWY-1042: glycolysis IV (plant cytosol)|g__Bacteroides.s__Bacteroides_xylanisolvens	0.0000000000
PWY-1042: glycolysis IV (plant cytosol)|g__Bacteroides.s__Bacteroides_faecis	0.0000000000
PWY-1042: glycolysis IV (plant cytosol)|g__Escherichia.s__Escherichia_coli	0.0000000002
GLCMANNANAUT-PWY: superpathway of N-acetylglucosamine, N-acetylmannosamine and N-acetylneuraminate degradation	1.0000000000
GLCMANNANAUT-PWY: superpathway of N-acetylglucosamine, N-acetylmannosamine and N-acetylneuraminate degradation|g__Faecalibacterium.s__Faecalibacterium_prausnitzii	1.0000000000
PWY-6507: 4-deoxy-L-threo-hex-4-enopyranuronate degradation	1.0000000000
PWY-6507: 4-deoxy-L-threo-hex-4-enopyranuronate degradation|g__Faecalibacterium.s__Faecalibacterium_prausnitzii	1.0000000000
PWY-7219: adenosine ribonucleotides de novo biosynthesis	1.0000000000
PWY-7219: adenosine ribonucleotides de novo biosynthesis|g__Faecalibacterium.s__Faecalibacterium_prausnitzii	1.0000000000
PWY-7219: adenosine ribonucleotides de novo biosynthesis|g__Bacteroides.s__Bacteroides_vulgatus	1.0000000000
PWY-7219: adenosine ribonucleotides de novo biosynthesis|g__Bacteroides.s__Bacteroides_faecis	1.0000000000
PWY-7219: adenosine ribonucleotides de novo biosynthesis|g__Bacteroides.s__Bacteroides_ovatus	1.0000000000
PWY-7219: adenosine ribonucleotides de novo biosynthesis|g__Bacteroides.s__Bacteroides_xylanisolvens	1.0000000000
PWY-7219: adenosine ribonucleotides de novo biosynthesis|g__Parabacteroides.s__Parabacteroides_distasonis	1.0000000000
PWY-7219: adenosine ribonucleotides de novo biosynthesis|unclassified	0.9999995649
PWY-7219: adenosine ribonucleotides de novo biosynthesis|g__Eubacterium.s__Eubacterium_rectale	1.0000000000
PWY-7219: adenosine ribonucleotides de novo biosynthesis|g__Clostridium.s__Clostridium_nexile	0.9999999900
PWY-7219: adenosine ribonucleotides de novo biosynthesis|g__Roseburia.s__Roseburia_intestinalis	0.3890840619
PWY-7219: adenosine ribonucleotides de novo biosynthesis|g__Parasutterella.s__Parasutterella_excrementihominis	0.9990228817
PWY-7219: adenosine ribonucleotides de novo biosynthesis|g__Escherichia.s__Escherichia_coli	0.9986955584
PWY-7219: adenosine ribonucleotides de novo biosynthesis|g__Clostridium.s__Clostridium_symbiosum	0.7769296900
PWY-7219: adenosine ribonucleotides de novo biosynthesis|g__Flavonifractor.s__Flavonifractor_plautii	0.8824540128
PWY-7219: adenosine ribonucleotides de novo biosynthesis|g__Holdemania.s__Holdemania_filiformis	0.1010694112
PWY-7219: adenosine ribonucleotides de novo biosynthesis|g__Roseburia.s__Roseburia_hominis	0.9041742745
PWY-7219: adenosine ribonucleotides de novo biosynthesis|g__Blautia.s__Ruminococcus_gnavus	0.5510748891
PWY-7219: adenosine ribonucleotides de novo biosynthesis|g__Lachnospiraceae_noname.s__Lachnospiraceae_bacterium_7_1_58FAA	0.3990905176
PWY-7219: adenosine ribonucleotides de novo biosynthesis|g__Coprococcus.s__Coprococcus_comes	0.0972860498
PWY-7219: adenosine ribonucleotides de novo biosynthesis|g__Eubacterium.s__Eubacterium_hallii	0.0680356338
PWY-7219: adenosine ribonucleotides de novo biosynthesis|g__Blautia.s__Ruminococcus_obeum	0.0015207184
PWY-7219: adenosine ribonucleotides de novo biosynthesis|g__Enterobacter.s__Enterobacter_cloacae	0.0579477304
PWY-7219: adenosine ribonucleotides de novo biosynthesis|g__Roseburia.s__Roseburia_inulinivorans	0.0148016438
PWY-7219: adenosine ribonucleotides de novo biosynthesis|g__Clostridium.s__Clostridium_bolteae	0.0165427142
PWY66-400: glycolysis VI (metazoan)	1.0000000000
PWY66-400: glycolysis VI (metazoan)|unclassified	0.0031197066
PWY66-400: glycolysis VI (metazoan)|g__Bacteroides.s__Bacteroides_xylanisolvens	0.0000000000
PWY66-400: glycolysis VI (metazoan)|g__Bacteroides.s__Bacteroides_ovatus	0.0000000000
PWY66-400: glycolysis VI (metazoan)|g__Escherichia.s__Escherichia_coli	0.0000000002
ANAGLYCOLYSIS-PWY: glycolysis III (from glucose)	1.0000000000
ANAGLYCOLYSIS-PWY: glycolysis III (from glucose)|unclassified	0.0055951770
ANAGLYCOLYSIS-PWY: glycolysis III (from glucose)|g__Bacteroides.s__Bacteroides_ovatus	0.0000000000
ANAGLYCOLYSIS-PWY: glycolysis III (from glucose)|g__Bacteroides.s__Bacteroides_xylanisolvens	0.0000000000
ANAGLYCOLYSIS-PWY: glycolysis III (from glucose)|g__Escherichia.s__Escherichia_coli	0.2266716617
GALACTUROCAT-PWY: D-galacturonate degradation I	1.0000000000
GALACTUROCAT-PWY: D-galacturonate degradation I|g__Faecalibacterium.s__Faecalibacterium_prausnitzii	1.0000000000
PWY-5177: glutaryl-CoA degradation	1.0000000000
PWY-5177: glutaryl-CoA degradation|g__Faecalibacterium.s__Faecalibacterium_prausnitzii	1.0000000000
PWY-5177: glutaryl-CoA degradation|unclassified	0.9948386419
PWY-7242: D-fructuronate degradation	1.0000000000
PWY-7242: D-fructuronate degradation|g__Faecalibacterium.s__Faecalibacterium_prausnitzii	1.0000000000
PWY-6609: adenine and adenosine salvage III	1.0000000000
PWY-6609: adenine and adenosine salvage III|g__Faecalibacterium.s__Faecalibacterium_prausnitzii	1.0000000000
PWY-6609: adenine and adenosine salvage III|g__Bacteroides.s__Bacteroides_ovatus	0.1332595356
PWY-6609: adenine and adenosine salvage III|g__Bacteroides.s__Bacteroides_faecis	0.0000000003
PWY-6609: adenine and adenosine salvage III|g__Escherichia.s__Escherichia_coli	0.0000000001
DTDPRHAMSYN-PWY: dTDP-L-rhamnose biosynthesis I	1.0000000000
DTDPRHAMSYN-PWY: dTDP-L-rhamnose biosynthesis I|g__Faecalibacterium.s__Faecalibacterium_prausnitzii	1.0000000000
DTDPRHAMSYN-PWY: dTDP-L-rhamnose biosynthesis I|g__Bacteroides.s__Bacteroides_xylanisolvens	0.0000000015
DTDPRHAMSYN-PWY: dTDP-L-rhamnose biosynthesis I|g__Bacteroides.s__Bacteroides_ovatus	0.0000000000
DTDPRHAMSYN-PWY: dTDP-L-rhamnose biosynthesis I|g__Eubacterium.s__Eubacterium_rectale	0.9997941374
DTDPRHAMSYN-PWY: dTDP-L-rhamnose biosynthesis I|g__Roseburia.s__Roseburia_intestinalis	0.0000000000
DTDPRHAMSYN-PWY: dTDP-L-rhamnose biosynthesis I|g__Escherichia.s__Escherichia_coli	0.0000000818
PWY-6737: starch degradation V	1.0000000000
PWY-6737: starch degradation V|g__Faecalibacterium.s__Faecalibacterium_prausnitzii	1.0000000000
PWY-6737: starch degradation V|unclassified	0.0000000191
PWY-6737: starch degradation V|g__Eubacterium.s__Eubacterium_rectale	0.9999305114
PWY-6737: starch degradation V|g__Roseburia.s__Roseburia_intestinalis	0.9877121382
PWY-6737: starch degradation V|g__Roseburia.s__Roseburia_inulinivorans	0.9999866062
PWY-6737: starch degradation V|g__Eubacterium.s__Eubacterium_ramulus	0.0065733094
PWY-7221: guanosine ribonucleotides de novo biosynthesis	1.0000000000
PWY-7221: guanosine ribonucleotides de novo biosynthesis|g__Bacteroides.s__Bacteroides_vulgatus	0.9855092335
PWY-7221: guanosine ribonucleotides de novo biosynthesis|g__Faecalibacterium.s__Faecalibacterium_prausnitzii	0.0009600251
PWY-7221: guanosine ribonucleotides de novo biosynthesis|g__Bacteroides.s__Bacteroides_faecis	0.9999999024
PWY-7221: guanosine ribonucleotides de novo biosynthesis|g__Bacteroides.s__Bacteroides_xylanisolvens	0.9999499315
PWY-7221: guanosine ribonucleotides de novo biosynthesis|unclassified	0.0006947193
PWY-7221: guanosine ribonucleotides de novo biosynthesis|g__Bacteroides.s__Bacteroides_ovatus	0.0000000000
PWY-7221: guanosine ribonucleotides de novo biosynthesis|g__Parabacteroides.s__Parabacteroides_distasonis	0.0000000000
PWY-7221: guanosine ribonucleotides de novo biosynthesis|g__Eubacterium.s__Eubacterium_rectale	0.9989871014
PWY-7221: guanosine ribonucleotides de novo biosynthesis|g__Roseburia.s__Roseburia_intestinalis	0.6857510839
PWY-7221: guanosine ribonucleotides de novo biosynthesis|g__Clostridium.s__Clostridium_nexile	0.1397522304
PWY-7221: guanosine ribonucleotides de novo biosynthesis|g__Parasutterella.s__Parasutterella_excrementihominis	0.8255032624
PWY-7221: guanosine ribonucleotides de novo biosynthesis|g__Enterobacter.s__Enterobacter_cloacae	0.9903810900
PWY-7221: guanosine ribonucleotides de novo biosynthesis|g__Escherichia.s__Escherichia_coli	0.0855298497
PWY-7221: guanosine ribonucleotides de novo biosynthesis|g__Eubacterium.s__Eubacterium_eligens	0.3158596557
PWY-7221: guanosine ribonucleotides de novo biosynthesis|g__Coprococcus.s__Coprococcus_catus	0.0014367702
PWY-7221: guanosine ribonucleotides de novo biosynthesis|g__Blautia.s__Ruminococcus_obeum	0.0000007828
PWY-7221: guanosine ribonucleotides de novo biosynthesis|g__Roseburia.s__Roseburia_inulinivorans	0.0010549400
PWY-7228: superpathway of guanosine nucleotides de novo biosynthesis I	1.0000000000
PWY-7228: superpathway of guanosine nucleotides de novo biosynthesis I|g__Bacteroides.s__Bacteroides_vulgatus	0.0000000000
PWY-7228: superpathway of guanosine nucleotides de novo biosynthesis I|g__Parabacteroides.s__Parabacteroides_distasonis	0.0000000000
PWY-7228: superpathway of guanosine nucleotides de novo biosynthesis I|g__Parasutterella.s__Parasutterella_excrementihominis	0.3474103338
PWY-7228: superpathway of guanosine nucleotides de novo biosynthesis I|g__Escherichia.s__Escherichia_coli	0.0854123578
PWY-7228: superpathway of guanosine nucleotides de novo biosynthesis I|g__Enterobacter.s__Enterobacter_cloacae	0.0076844781
GALACT-GLUCUROCAT-PWY: superpathway of hexuronide and hexuronate degradation	1.0000000000
GALACT-GLUCUROCAT-PWY: superpathway of hexuronide and hexuronate degradation|g__Faecalibacterium.s__Faecalibacterium_prausnitzii	1.0000000000
NONOXIPENT-PWY: pentose phosphate pathway (non-oxidative branch)	1.0000000000
NONOXIPENT-PWY: pentose phosphate pathway (non-oxidative branch)|g__Faecalibacterium.s__Faecalibacterium_prausnitzii	0.0000499198
NONOXIPENT-PWY: pentose phosphate pathway (non-oxidative branch)|g__Bacteroides.s__Bacteroides_xylanisolvens	0.9999999994
NONOXIPENT-PWY: pentose phosphate pathway (non-oxidative branch)|g__Roseburia.s__Roseburia_intestinalis	0.9927135112
NONOXIPENT-PWY: pentose phosphate pathway (non-oxidative branch)|unclassified	0.0000000000
NONOXIPENT-PWY: pentose phosphate pathway (non-oxidative branch)|g__Lachnospiraceae_noname.s__Lachnospiraceae_bacterium_5_1_63FAA	0.0014283555
PWY-7208: superpathway of pyrimidine nucleobases salvage	1.0000000000
PWY-7208: superpathway of pyrimidine nucleobases salvage|g__Parasutterella.s__Parasutterella_excrementihominis	0.0458637918
PWY-7208: superpathway of pyrimidine nucleobases salvage|g__Enterobacter.s__Enterobacter_cloacae	0.0021554402
GLUCUROCAT-PWY: superpathway of &beta;-D-glucuronide and D-glucuronate degradation	1.0000000000
GLUCUROCAT-PWY: superpathway of &beta;-D-glucuronide and D-glucuronate degradation|g__Faecalibacterium.s__Faecalibacterium_prausnitzii	1.0000000000
PWY-6123: inosine-5'-phosphate biosynthesis I	1.0000000000
PWY-6123: inosine-5'-phosphate biosynthesis I|g__Faecalibacterium.s__Faecalibacterium_prausnitzii	0.0000000000
PWY-6123: inosine-5'-phosphate biosynthesis I|g__Bacteroides.s__Bacteroides_faecis	0.9376110880
PWY-6123: inosine-5'-phosphate biosynthesis I|g__Bacteroides.s__Bacteroides_xylanisolvens	0.7599549591
PWY-6123: inosine-5'-phosphate biosynthesis I|g__Bacteroides.s__Bacteroides_ovatus	0.5746633762
PWY-6123: inosine-5'-phosphate biosynthesis I|g__Escherichia.s__Escherichia_coli	0.0011688578
PWY-6124: inosine-5'-phosphate biosynthesis II	1.0000000000
PWY-6124: inosine-5'-phosphate biosynthesis II|g__Faecalibacterium.s__Faecalibacterium_prausnitzii	0.0000000000
PWY-6124: inosine-5'-phosphate biosynthesis II|g__Bacteroides.s__Bacteroides_faecis	0.9274410926
PWY-6124: inosine-5'-phosphate biosynthesis II|g__Bacteroides.s__Bacteroides_xylanisolvens	0.7251416287
PWY-6124: inosine-5'-phosphate biosynthesis II|g__Bacteroides.s__Bacteroides_ovatus	0.5891209402
PWY-6124: inosine-5'-phosphate biosynthesis II|g__Lachnospiraceae_noname.s__Lachnospiraceae_bacterium_5_1_63FAA	0.1661195357
PWY-6124: inosine-5'-phosphate biosynthesis II|g__Escherichia.s__Escherichia_coli	0.0009742386
ILEUSYN-PWY: L-isoleucine biosynthesis I (from threonine)	1.0000000000
ILEUSYN-PWY: L-isoleucine biosynthesis I (from threonine)|g__Faecalibacterium.s__Faecalibacterium_prausnitzii	0.9999999632
PWY-7111: pyruvate fermentation to isobutanol (engineered)	1.0000000000
PWY-7111: pyruvate fermentation to isobutanol (engineered)|g__Faecalibacterium.s__Faecalibacterium_prausnitzii	0.9999999632
PWY-7111: pyruvate fermentation to isobutanol (engineered)|g__Bacteroides.s__Bacteroides_vulgatus	0.7487422711
PWY-7111: pyruvate fermentation to isobutanol (engineered)|g__Parabacteroides.s__Parabacteroides_distasonis	0.6531583483
PWY-7111: pyruvate fermentation to isobutanol (engineered)|unclassified	0.0000001776
PWY-7111: pyruvate fermentation to isobutanol (engineered)|g__Bacteroides.s__Bacteroides_xylanisolvens	0.0000000000
PWY-7111: pyruvate fermentation to isobutanol (engineered)|g__Parasutterella.s__Parasutterella_excrementihominis	0.9029493663
PWY-7111: pyruvate fermentation to isobutanol (engineered)|g__Clostridium.s__Clostridium_nexile	0.0094485933
PWY-7111: pyruvate fermentation to isobutanol (engineered)|g__Eubacterium.s__Eubacterium_rectale	0.0000116991
PWY-7111: pyruvate fermentation to isobutanol (engineered)|g__Eubacterium.s__Eubacterium_ramulus	0.7089322662
PWY-7111: pyruvate fermentation to isobutanol (engineered)|g__Eubacterium.s__Eubacterium_hallii	0.0407502322
PWY-7111: pyruvate fermentation to isobutanol (engineered)|g__Escherichia.s__Escherichia_coli	0.0000008732
VALSYN-PWY: L-valine biosynthesis	1.0000000000
VALSYN-PWY: L-valine biosynthesis|g__Faecalibacterium.s__Faecalibacterium_prausnitzii	0.9999999632
VALSYN-PWY: L-valine biosynthesis|g__Bacteroides.s__Bacteroides_vulgatus	0.7487422711
VALSYN-PWY: L-valine biosynthesis|g__Parabacteroides.s__Parabacteroides_distasonis	0.6531583483
VALSYN-PWY: L-valine biosynthesis|unclassified	0.0000001776
VALSYN-PWY: L-valine biosynthesis|g__Bacteroides.s__Bacteroides_xylanisolvens	0.0000000000
VALSYN-PWY: L-valine biosynthesis|g__Roseburia.s__Roseburia_intestinalis	0.0090477144
VALSYN-PWY: L-valine biosynthesis|g__Parasutterella.s__Parasutterella_excrementihominis	0.9029493663
VALSYN-PWY: L-valine biosynthesis|g__Roseburia.s__Roseburia_inulinivorans	0.9880170488
VALSYN-PWY: L-valine biosynthesis|g__Clostridium.s__Clostridium_nexile	0.0094485933
VALSYN-PWY: L-valine biosynthesis|g__Eubacterium.s__Eubacterium_rectale	0.0000116991
VALSYN-PWY: L-valine biosynthesis|g__Eubacterium.s__Eubacterium_ramulus	0.7089322662
VALSYN-PWY: L-valine biosynthesis|g__Eubacterium.s__Eubacterium_hallii	0.0407502322
PWY0-1296: purine ribonucleosides degradation	1.0000000000
PWY0-1296: purine ribonucleosides degradation|g__Faecalibacterium.s__Faecalibacterium_prausnitzii	1.0000000000
PWY0-1296: purine ribonucleosides degradation|g__Escherichia.s__Escherichia_coli	0.9931309843
PWY0-1296: purine ribonucleosides degradation|unclassified	0.0000000000
PWY0-1296: purine ribonucleosides degradation|g__Eubacterium.s__Eubacterium_rectale	0.0005550302
PWY0-1296: purine ribonucleosides degradation|g__Lachnospiraceae_noname.s__Lachnospiraceae_bacterium_5_1_63FAA	0.0051273104
PWY0-1296: purine ribonucleosides degradation|g__Roseburia.s__Roseburia_intestinalis	0.0000000000
PWY-5667: CDP-diacylglycerol biosynthesis I	1.0000000000
PWY-5667: CDP-diacylglycerol biosynthesis I|g__Faecalibacterium.s__Faecalibacterium_prausnitzii	1.0000000000
PWY-5667: CDP-diacylglycerol biosynthesis I|g__Bacteroides.s__Bacteroides_faecis	0.0003212595
PWY-5667: CDP-diacylglycerol biosynthesis I|g__Bacteroides.s__Bacteroides_ovatus	0.0000000000
PWY-5667: CDP-diacylglycerol biosynthesis I|g__Bacteroides.s__Bacteroides_xylanisolvens	0.0000000000
PWY-5667: CDP-diacylglycerol biosynthesis I|g__Eubacterium.s__Eubacterium_rectale	0.0006103512
PWY-5667: CDP-diacylglycerol biosynthesis I|g__Parabacteroides.s__Parabacteroides_distasonis	0.0000000000
PWY-5667: CDP-diacylglycerol biosynthesis I|g__Roseburia.s__Roseburia_intestinalis	0.0000000001
PWY-5667: CDP-diacylglycerol biosynthesis I|g__Clostridium.s__Clostridium_nexile	0.0000000000
PWY0-1319: CDP-diacylglycerol biosynthesis II	1.0000000000
PWY0-1319: CDP-diacylglycerol biosynthesis II|g__Faecalibacterium.s__Faecalibacterium_prausnitzii	1.0000000000
PWY0-1319: CDP-diacylglycerol biosynthesis II|g__Bacteroides.s__Bacteroides_faecis	0.0003212595
PWY0-1319: CDP-diacylglycerol biosynthesis II|g__Bacteroides.s__Bacteroides_ovatus	0.0000000000
PWY0-1319: CDP-diacylglycerol biosynthesis II|g__Bacteroides.s__Bacteroides_xylanisolvens	0.0000000000
PWY0-1319: CDP-diacylglycerol biosynthesis II|g__Eubacterium.s__Eubacterium_rectale	0.0006103512
PWY0-1319: CDP-diacylglycerol biosynthesis II|g__Parabacteroides.s__Parabacteroides_distasonis	0.0000000000
PWY0-1319: CDP-diacylglycerol biosynthesis II|g__Roseburia.s__Roseburia_intestinalis	0.0000000001
PWY0-1319: CDP-diacylglycerol biosynthesis II|g__Clostridium.s__Clostridium_nexile	0.0000000000
GLYCOLYSIS: glycolysis I (from glucose 6-phosphate)	0.0000000000
GLYCOLYSIS: glycolysis I (from glucose 6-phosphate)|g__Escherichia.s__Escherichia_coli	0.0000000003
PWY-5484: glycolysis II (from fructose 6-phosphate)	0.0000000000
PWY-5484: glycolysis II (from fructose 6-phosphate)|g__Escherichia.s__Escherichia_coli	0.0000000003
PWY-5695: urate biosynthesis/inosine 5'-phosphate degradation	0.9999999999
PWY-5695: urate biosynthesis/inosine 5'-phosphate degradation|g__Bacteroides.s__Bacteroides_vulgatus	0.1571099661
PWY-5695: urate biosynthesis/inosine 5'-phosphate degradation|g__Faecalibacterium.s__Faecalibacterium_prausnitzii	0.0000000000
PWY-5695: urate biosynthesis/inosine 5'-phosphate degradation|g__Bacteroides.s__Bacteroides_faecis	0.0000000005
PWY-5695: urate biosynthesis/inosine 5'-phosphate degradation|g__Parabacteroides.s__Parabacteroides_distasonis	0.0000000000
PWY-5695: urate biosynthesis/inosine 5'-phosphate degradation|g__Bacteroides.s__Bacteroides_ovatus	0.0000000000
PWY-5695: urate biosynthesis/inosine 5'-phosphate degradation|g__Escherichia.s__Escherichia_coli	0.9986452007
PWY-5695: urate biosynthesis/inosine 5'-phosphate degradation|g__Roseburia.s__Roseburia_intestinalis	0.0000000000
PWY-5695: urate biosynthesis/inosine 5'-phosphate degradation|g__Roseburia.s__Roseburia_inulinivorans	0.0920244943
PWY-6122: 5-aminoimidazole ribonucleotide biosynthesis II	1.0000000000
PWY-6122: 5-aminoimidazole ribonucleotide biosynthesis II|g__Faecalibacterium.s__Faecalibacterium_prausnitzii	0.7832752994
PWY-6122: 5-aminoimidazole ribonucleotide biosynthesis II|unclassified	0.0000000000
PWY-6122: 5-aminoimidazole ribonucleotide biosynthesis II|g__Clostridium.s__Clostridium_nexile	0.4884911092
PWY-6122: 5-aminoimidazole ribonucleotide biosynthesis II|g__Roseburia.s__Roseburia_intestinalis	0.0027121215
PWY-6122: 5-aminoimidazole ribonucleotide biosynthesis II|g__Blautia.s__Ruminococcus_obeum	0.2114572723
PWY-6122: 5-aminoimidazole ribonucleotide biosynthesis II|g__Parasutterella.s__Parasutterella_excrementihominis	0.0000002530
PWY-6122: 5-aminoimidazole ribonucleotide biosynthesis II|g__Holdemania.s__Holdemania_filiformis	0.0000051889
PWY-6122: 5-aminoimidazole ribonucleotide biosynthesis II|g__Roseburia.s__Roseburia_inulinivorans	0.0089530505
PWY-6122: 5-aminoimidazole ribonucleotide biosynthesis II|g__Enterobacter.s__Enterobacter_cloacae	0.0043763527
PWY-6122: 5-aminoimidazole ribonucleotide biosynthesis II|g__Escherichia.s__Escherichia_coli	0.0000000057
PWY-6122: 5-aminoimidazole ribonucleotide biosynthesis II|g__Collinsella.s__Collinsella_aerofaciens	0.0528534156
PWY-6277: superpathway of 5-aminoimidazole ribonucleotide biosynthesis	1.0000000000
PWY-6277: superpathway of 5-aminoimidazole ribonucleotide biosynthesis|g__Faecalibacterium.s__Faecalibacterium_prausnitzii	0.7832752994
PWY-6277: superpathway of 5-aminoimidazole ribonucleotide biosynthesis|unclassified	0.0000000000
PWY-6277: superpathway of 5-aminoimidazole ribonucleotide biosynthesis|g__Clostridium.s__Clostridium_nexile	0.4884911092
PWY-6277: superpathway of 5-aminoimidazole ribonucleotide biosynthesis|g__Roseburia.s__Roseburia_intestinalis	0.0027121215
PWY-6277: superpathway of 5-aminoimidazole ribonucleotide biosynthesis|g__Blautia.s__Ruminococcus_obeum	0.2114572723
PWY-6277: superpathway of 5-aminoimidazole ribonucleotide biosynthesis|g__Parasutterella.s__Parasutterella_excrementihominis	0.0000002530
PWY-6277: superpathway of 5-aminoimidazole ribonucleotide biosynthesis|g__Holdemania.s__Holdemania_filiformis	0.0000051889
PWY-6277: superpathway of 5-aminoimidazole ribonucleotide biosynthesis|g__Roseburia.s__Roseburia_inulinivorans	0.0089530505
PWY-6277: superpathway of 5-aminoimidazole ribonucleotide biosynthesis|g__Enterobacter.s__Enterobacter_cloacae	0.0043763527
PWY-6277: superpathway of 5-aminoimidazole ribonucleotide biosynthesis|g__Escherichia.s__Escherichia_coli	0.0000000057
PWY-6277: superpathway of 5-aminoimidazole ribonucleotide biosynthesis|g__Collinsella.s__Collinsella_aerofaciens	0.0528534156
PWY-6121: 5-aminoimidazole ribonucleotide biosynthesis I	1.0000000000
PWY-6121: 5-aminoimidazole ribonucleotide biosynthesis I|g__Faecalibacterium.s__Faecalibacterium_prausnitzii	0.0210046345
PWY-6121: 5-aminoimidazole ribonucleotide biosynthesis I|unclassified	0.0000000000
PWY-6121: 5-aminoimidazole ribonucleotide biosynthesis I|g__Clostridium.s__Clostridium_nexile	0.5441512562
PWY-6121: 5-aminoimidazole ribonucleotide biosynthesis I|g__Blautia.s__Ruminococcus_obeum	0.2509919320
PWY-6121: 5-aminoimidazole ribonucleotide biosynthesis I|g__Parasutterella.s__Parasutterella_excrementihominis	0.0000003163
PWY-6121: 5-aminoimidazole ribonucleotide biosynthesis I|g__Roseburia.s__Roseburia_inulinivorans	0.0111663193
PWY-6121: 5-aminoimidazole ribonucleotide biosynthesis I|g__Escherichia.s__Escherichia_coli	0.0000000071
PWY-6121: 5-aminoimidazole ribonucleotide biosynthesis I|g__Holdemania.s__Holdemania_filiformis	0.0000064661
PWY-6317: galactose degradation I (Leloir pathway)	0.9998951317
PWY-6317: galactose degradation I (Leloir pathway)|g__Faecalibacterium.s__Faecalibacterium_prausnitzii	0.0000000001
PWY-6317: galactose degradation I (Leloir pathway)|g__Roseburia.s__Roseburia_intestinalis	0.0000385917
PWY-6317: galactose degradation I (Leloir pathway)|g__Blautia.s__Ruminococcus_obeum	0.0000013534
PWY66-422: D-galactose degradation V (Leloir pathway)	0.9998951317
PWY66-422: D-galactose degradation V (Leloir pathway)|g__Faecalibacterium.s__Faecalibacterium_prausnitzii	0.0000000001
PWY66-422: D-galactose degradation V (Leloir pathway)|unclassified	0.0000000000
PWY66-422: D-galactose degradation V (Leloir pathway)|g__Roseburia.s__Roseburia_intestinalis	0.8249771853
PWY66-422: D-galactose degradation V (Leloir pathway)|g__Eubacterium.s__Eubacterium_rectale	0.8325391921
PWY66-422: D-galactose degradation V (Leloir pathway)|g__Blautia.s__Ruminococcus_obeum	0.5942015196
PWY66-422: D-galactose degradation V (Leloir pathway)|g__Escherichia.s__Escherichia_coli	0.0000000000
PWY-6151: S-adenosyl-L-methionine cycle I	1.0000000000
PWY-6151: S-adenosyl-L-methionine cycle I|g__Faecalibacterium.s__Faecalibacterium_prausnitzii	0.0000000000
PWY-6151: S-adenosyl-L-methionine cycle I|g__Bacteroides.s__Bacteroides_vulgatus	0.0000000000
PWY-6151: S-adenosyl-L-methionine cycle I|unclassified	0.0000000000
PWY-6151: S-adenosyl-L-methionine cycle I|g__Eubacterium.s__Eubacterium_rectale	0.0000003840
PWY-6151: S-adenosyl-L-methionine cycle I|g__Escherichia.s__Escherichia_coli	0.0004781736
PWY-6151: S-adenosyl-L-methionine cycle I|g__Clostridium.s__Clostridium_nexile	0.0000000000
PWY-2942: L-lysine biosynthesis III	0.9955040910
PWY-2942: L-lysine biosynthesis III|g__Faecalibacterium.s__Faecalibacterium_prausnitzii	0.0000000000
PWY-2942: L-lysine biosynthesis III|g__Bacteroides.s__Bacteroides_vulgatus	0.0000000000
PWY-2942: L-lysine biosynthesis III|g__Bacteroides.s__Bacteroides_faecis	0.6626844063
PWY-2942: L-lysine biosynthesis III|g__Parabacteroides.s__Parabacteroides_distasonis	0.0000000000
PWY-2942: L-lysine biosynthesis III|g__Bacteroides.s__Bacteroides_xylanisolvens	0.0000006016
PWY-2942: L-lysine biosynthesis III|g__Bacteroides.s__Bacteroides_ovatus	0.0000000000
PWY-2942: L-lysine biosynthesis III|g__Lachnospiraceae_noname.s__Lachnospiraceae_bacterium_5_1_63FAA	0.0000024757
CALVIN-PWY: Calvin-Benson-Bassham cycle	0.0000000000
CALVIN-PWY: Calvin-Benson-Bassham cycle|g__Faecalibacterium.s__Faecalibacterium_prausnitzii	0.0000000000
BRANCHED-CHAIN-AA-SYN-PWY: superpathway of branched amino acid biosynthesis	0.0000005061
BRANCHED-CHAIN-AA-SYN-PWY: superpathway of branched amino acid biosynthesis|g__Faecalibacterium.s__Faecalibacterium_prausnitzii	0.7638496831
PWY-5686: UMP biosynthesis	0.0009272881
PWY-5686: UMP biosynthesis|g__Faecalibacterium.s__Faecalibacterium_prausnitzii	0.0000000000
PWY-5686: UMP biosynthesis|g__Bacteroides.s__Bacteroides_faecis	0.0000000000
PWY-5686: UMP biosynthesis|g__Parabacteroides.s__Parabacteroides_distasonis	0.0000000000
PWY-5686: UMP biosynthesis|g__Bacteroides.s__Bacteroides_ovatus	0.0000000000
PWY-5686: UMP biosynthesis|g__Eubacterium.s__Eubacterium_rectale	0.0025035134
PWY-5686: UMP biosynthesis|g__Escherichia.s__Escherichia_coli	0.0013907881
PWY-5097: L-lysine biosynthesis VI	0.9961388336
PWY-5097: L-lysine biosynthesis VI|g__Faecalibacterium.s__Faecalibacterium_prausnitzii	0.5345293863
PWY-5097: L-lysine biosynthesis VI|g__Bacteroides.s__Bacteroides_xylanisolvens	0.0000000000
PWY-5097: L-lysine biosynthesis VI|g__Bacteroides.s__Bacteroides_vulgatus	0.0000000000
PWY-5097: L-lysine biosynthesis VI|g__Eubacterium.s__Eubacterium_rectale	0.0715480315
PWY-5097: L-lysine biosynthesis VI|g__Parabacteroides.s__Parabacteroides_distasonis	0.0000000000
PWY-5097: L-lysine biosynthesis VI|g__Bacteroides.s__Bacteroides_ovatus	0.0000000000
PWY-5973: cis-vaccenate biosynthesis	0.0013438789
PWY-7229: superpathway of adenosine nucleotides de novo biosynthesis I	0.0000000000
PWY-7229: superpathway of adenosine nucleotides de novo biosynthesis I|g__Bacteroides.s__Bacteroides_vulgatus	0.0000000000
PWY-7229: superpathway of adenosine nucleotides de novo biosynthesis I|g__Escherichia.s__Escherichia_coli	0.0319742567
PWY-5103: L-isoleucine biosynthesis III	0.0000003795
PWY-5103: L-isoleucine biosynthesis III|g__Faecalibacterium.s__Faecalibacterium_prausnitzii	0.7638496831
PWY-3841: folate transformations II	0.0000000005
PWY-3841: folate transformations II|g__Bacteroides.s__Bacteroides_vulgatus	0.0000000000
PWY-3841: folate transformations II|g__Bacteroides.s__Bacteroides_faecis	0.7519721018
PWY-3841: folate transformations II|g__Parabacteroides.s__Parabacteroides_distasonis	0.0000000000
PWY-3841: folate transformations II|g__Bacteroides.s__Bacteroides_xylanisolvens	0.0000000000
PWY-3841: folate transformations II|g__Escherichia.s__Escherichia_coli	0.0013700435
ANAEROFRUCAT-PWY: homolactic fermentation	0.0000000000
PWY-6387: UDP-N-acetylmuramoyl-pentapeptide biosynthesis I (meso-diaminopimelate containing)	0.3528687198
PWY-6387: UDP-N-acetylmuramoyl-pentapeptide biosynthesis I (meso-diaminopimelate containing)|g__Faecalibacterium.s__Faecalibacterium_prausnitzii	0.0000000000
PWY-6387: UDP-N-acetylmuramoyl-pentapeptide biosynthesis I (meso-diaminopimelate containing)|g__Bacteroides.s__Bacteroides_vulgatus	0.0000000000
PWY-6387: UDP-N-acetylmuramoyl-pentapeptide biosynthesis I (meso-diaminopimelate containing)|g__Parabacteroides.s__Parabacteroides_distasonis	0.0000000000
PWY-6387: UDP-N-acetylmuramoyl-pentapeptide biosynthesis I (meso-diaminopimelate containing)|g__Bacteroides.s__Bacteroides_xylanisolvens	0.0000000000
PWY-6387: UDP-N-acetylmuramoyl-pentapeptide biosynthesis I (meso-diaminopimelate containing)|g__Eubacterium.s__Eubacterium_rectale	0.0012954865
PWY-6387: UDP-N-acetylmuramoyl-pentapeptide biosynthesis I (meso-diaminopimelate containing)|g__Bacteroides.s__Bacteroides_ovatus	0.0000000000
PEPTIDOGLYCANSYN-PWY: peptidoglycan biosynthesis I (meso-diaminopimelate containing)	0.3380817304
PEPTIDOGLYCANSYN-PWY: peptidoglycan biosynthesis I (meso-diaminopimelate containing)|g__Faecalibacterium.s__Faecalibacterium_prausnitzii	0.0000000000
PEPTIDOGLYCANSYN-PWY: peptidoglycan biosynthesis I (meso-diaminopimelate containing)|g__Bacteroides.s__Bacteroides_vulgatus	0.0000000000
PEPTIDOGLYCANSYN-PWY: peptidoglycan biosynthesis I (meso-diaminopimelate containing)|g__Parabacteroides.s__Parabacteroides_distasonis	0.0000000000
PEPTIDOGLYCANSYN-PWY: peptidoglycan biosynthesis I (meso-diaminopimelate containing)|g__Bacteroides.s__Bacteroides_xylanisolvens	0.0000000000
PEPTIDOGLYCANSYN-PWY: peptidoglycan biosynthesis I (meso-diaminopimelate containing)|g__Bacteroides.s__Bacteroides_ovatus	0.0000000000
PWY-621: sucrose degradation III (sucrose invertase)	1.0000000000
PWY-621: sucrose degradation III (sucrose invertase)|g__Faecalibacterium.s__Faecalibacterium_prausnitzii	1.0000000000
PWY-6386: UDP-N-acetylmuramoyl-pentapeptide biosynthesis II (lysine-containing)	0.0000000000
PWY-6386: UDP-N-acetylmuramoyl-pentapeptide biosynthesis II (lysine-containing)|g__Faecalibacterium.s__Faecalibacterium_prausnitzii	0.0000000000
PWY-6386: UDP-N-acetylmuramoyl-pentapeptide biosynthesis II (lysine-containing)|g__Bacteroides.s__Bacteroides_xylanisolvens	0.0000000000
PWY-6386: UDP-N-acetylmuramoyl-pentapeptide biosynthesis II (lysine-containing)|g__Eubacterium.s__Eubacterium_rectale	0.0015539303
PWY-6386: UDP-N-acetylmuramoyl-pentapeptide biosynthesis II (lysine-containing)|g__Parabacteroides.s__Parabacteroides_distasonis	0.0000000000
PWY-6386: UDP-N-acetylmuramoyl-pentapeptide biosynthesis II (lysine-containing)|g__Bacteroides.s__Bacteroides_ovatus	0.0000000000
ARGININE-SYN4-PWY: L-ornithine de novo  biosynthesis	0.9997109528
ARGININE-SYN4-PWY: L-ornithine de novo  biosynthesis|g__Bacteroides.s__Bacteroides_xylanisolvens	0.0000000000
ARGININE-SYN4-PWY: L-ornithine de novo  biosynthesis|g__Bacteroides.s__Bacteroides_faecis	0.0000000000
ARGININE-SYN4-PWY: L-ornithine de novo  biosynthesis|g__Bacteroides.s__Bacteroides_ovatus	0.0000000000
PANTO-PWY: phosphopantothenate biosynthesis I	0.0000018657
PANTO-PWY: phosphopantothenate biosynthesis I|g__Bacteroides.s__Bacteroides_vulgatus	0.0000000000
PANTO-PWY: phosphopantothenate biosynthesis I|g__Bacteroides.s__Bacteroides_faecis	0.0000000000
PANTO-PWY: phosphopantothenate biosynthesis I|g__Bacteroides.s__Bacteroides_xylanisolvens	0.0000000007
PANTO-PWY: phosphopantothenate biosynthesis I|g__Parabacteroides.s__Parabacteroides_distasonis	0.0000000000
PANTO-PWY: phosphopantothenate biosynthesis I|g__Bacteroides.s__Bacteroides_ovatus	0.0000000000
PANTO-PWY: phosphopantothenate biosynthesis I|g__Parasutterella.s__Parasutterella_excrementihominis	0.2605280139
PANTO-PWY: phosphopantothenate biosynthesis I|g__Enterobacter.s__Enterobacter_cloacae	0.4699023035
PWY-7663: gondoate biosynthesis (anaerobic)	0.0010753921
PWY-7663: gondoate biosynthesis (anaerobic)|g__Bacteroides.s__Bacteroides_ovatus	0.8518749228
PWY-7663: gondoate biosynthesis (anaerobic)|g__Bacteroides.s__Bacteroides_faecis	0.0475410361
PWY-7663: gondoate biosynthesis (anaerobic)|g__Bacteroides.s__Bacteroides_xylanisolvens	0.0000000124
PWY-7663: gondoate biosynthesis (anaerobic)|g__Escherichia.s__Escherichia_coli	0.7656120634
PWY-7663: gondoate biosynthesis (anaerobic)|g__Enterobacter.s__Enterobacter_cloacae	0.7136907377
PWY-6527: stachyose degradation	0.0000000008
PWY-6527: stachyose degradation|g__Roseburia.s__Roseburia_intestinalis	0.0000289440
PWY-6527: stachyose degradation|g__Faecalibacterium.s__Faecalibacterium_prausnitzii	0.0000000000
NONMEVIPP-PWY: methylerythritol phosphate pathway I	0.0000000000
NONMEVIPP-PWY: methylerythritol phosphate pathway I|g__Bacteroides.s__Bacteroides_vulgatus	0.0000000000
NONMEVIPP-PWY: methylerythritol phosphate pathway I|g__Bacteroides.s__Bacteroides_ovatus	0.0000000000
NONMEVIPP-PWY: methylerythritol phosphate pathway I|g__Roseburia.s__Roseburia_intestinalis	0.0012401459
NONMEVIPP-PWY: methylerythritol phosphate pathway I|g__Parasutterella.s__Parasutterella_excrementihominis	0.0124539339
NONMEVIPP-PWY: methylerythritol phosphate pathway I|g__Bacteroides.s__Bacteroides_xylanisolvens	0.0000000000
PWY-6385: peptidoglycan biosynthesis III (mycobacteria)	0.0000000000
PWY-6385: peptidoglycan biosynthesis III (mycobacteria)|g__Faecalibacterium.s__Faecalibacterium_prausnitzii	0.0000000000
PWY-6385: peptidoglycan biosynthesis III (mycobacteria)|g__Parabacteroides.s__Parabacteroides_distasonis	0.0000000000
PWY-6385: peptidoglycan biosynthesis III (mycobacteria)|g__Bacteroides.s__Bacteroides_ovatus	0.0000000000
PWY-6385: peptidoglycan biosynthesis III (mycobacteria)|g__Bacteroides.s__Bacteroides_xylanisolvens	0.0000000000
PANTOSYN-PWY: pantothenate and coenzyme A biosynthesis I	0.0000000000
PANTOSYN-PWY: pantothenate and coenzyme A biosynthesis I|g__Bacteroides.s__Bacteroides_xylanisolvens	0.0000000000
PANTOSYN-PWY: pantothenate and coenzyme A biosynthesis I|g__Bacteroides.s__Bacteroides_ovatus	0.0000000000
COA-PWY-1: coenzyme A biosynthesis II (mammalian)	0.0000018657
COA-PWY-1: coenzyme A biosynthesis II (mammalian)|g__Faecalibacterium.s__Faecalibacterium_prausnitzii	0.0000000000
COA-PWY-1: coenzyme A biosynthesis II (mammalian)|g__Bacteroides.s__Bacteroides_vulgatus	0.0000000000
COA-PWY-1: coenzyme A biosynthesis II (mammalian)|g__Bacteroides.s__Bacteroides_xylanisolvens	0.0134395930
COA-PWY-1: coenzyme A biosynthesis II (mammalian)|g__Bacteroides.s__Bacteroides_faecis	0.0000000000
COA-PWY-1: coenzyme A biosynthesis II (mammalian)|g__Parabacteroides.s__Parabacteroides_distasonis	0.0000000000
COA-PWY-1: coenzyme A biosynthesis II (mammalian)|g__Clostridium.s__Clostridium_nexile	0.7087816507
COA-PWY-1: coenzyme A biosynthesis II (mammalian)|g__Bacteroides.s__Bacteroides_ovatus	0.0000000000
COA-PWY-1: coenzyme A biosynthesis II (mammalian)|g__Flavonifractor.s__Flavonifractor_plautii	0.1849930013
COA-PWY: coenzyme A biosynthesis I	0.0000000000
COA-PWY: coenzyme A biosynthesis I|g__Faecalibacterium.s__Faecalibacterium_prausnitzii	0.0000000000
COA-PWY: coenzyme A biosynthesis I|g__Bacteroides.s__Bacteroides_xylanisolvens	0.0146388695
COA-PWY: coenzyme A biosynthesis I|g__Bacteroides.s__Bacteroides_ovatus	0.0000000019
COA-PWY: coenzyme A biosynthesis I|g__Roseburia.s__Roseburia_intestinalis	0.0000000000
PWY-5100: pyruvate fermentation to acetate and lactate II	0.0000000000
PWY-5100: pyruvate fermentation to acetate and lactate II|g__Roseburia.s__Roseburia_intestinalis	0.6560479421
PWY-5100: pyruvate fermentation to acetate and lactate II|unclassified	0.0000000000
1CMET2-PWY: N10-formyl-tetrahydrofolate biosynthesis	0.0000000000
1CMET2-PWY: N10-formyl-tetrahydrofolate biosynthesis|g__Bacteroides.s__Bacteroides_faecis	0.0000000000
1CMET2-PWY: N10-formyl-tetrahydrofolate biosynthesis|g__Parabacteroides.s__Parabacteroides_distasonis	0.0000000000
1CMET2-PWY: N10-formyl-tetrahydrofolate biosynthesis|g__Bacteroides.s__Bacteroides_xylanisolvens	0.0000000000
PWY-5659: GDP-mannose biosynthesis	0.0000000000
PWY-5659: GDP-mannose biosynthesis|g__Faecalibacterium.s__Faecalibacterium_prausnitzii	0.0000000000
PWY-5659: GDP-mannose biosynthesis|g__Bacteroides.s__Bacteroides_ovatus	0.0232887691
PWY-5659: GDP-mannose biosynthesis|g__Bacteroides.s__Bacteroides_xylanisolvens	0.0000000000
PWY-5659: GDP-mannose biosynthesis|g__Roseburia.s__Roseburia_intestinalis	0.0016307221
PWY-5659: GDP-mannose biosynthesis|g__Lachnospiraceae_noname.s__Lachnospiraceae_bacterium_5_1_63FAA	0.9794338956
PWY-3001: superpathway of L-isoleucine biosynthesis I	0.0000000000
PWY-3001: superpathway of L-isoleucine biosynthesis I|g__Faecalibacterium.s__Faecalibacterium_prausnitzii	0.0000000000
PWY-724: superpathway of L-lysine, L-threonine and L-methionine biosynthesis II	0.0000000000
PWY-724: superpathway of L-lysine, L-threonine and L-methionine biosynthesis II|g__Faecalibacterium.s__Faecalibacterium_prausnitzii	0.0000000000
PWY-7197: pyrimidine deoxyribonucleotide phosphorylation	0.0000000000
PWY-7197: pyrimidine deoxyribonucleotide phosphorylation|g__Escherichia.s__Escherichia_coli	0.0349284399
THRESYN-PWY: superpathway of L-threonine biosynthesis	0.0000000000
THRESYN-PWY: superpathway of L-threonine biosynthesis|g__Faecalibacterium.s__Faecalibacterium_prausnitzii	0.0000000000
PWY-1269: CMP-3-deoxy-D-manno-octulosonate biosynthesis I	0.0000000000
PWY-1269: CMP-3-deoxy-D-manno-octulosonate biosynthesis I|g__Bacteroides.s__Bacteroides_faecis	0.9999762862
PWY-1269: CMP-3-deoxy-D-manno-octulosonate biosynthesis I|g__Bacteroides.s__Bacteroides_xylanisolvens	0.0000000000
PWY-1269: CMP-3-deoxy-D-manno-octulosonate biosynthesis I|g__Bacteroides.s__Bacteroides_ovatus	0.0000000000
PWY-1269: CMP-3-deoxy-D-manno-octulosonate biosynthesis I|g__Escherichia.s__Escherichia_coli	0.0000050584
PWY-4242: pantothenate and coenzyme A biosynthesis III	0.0000000000
PWY-4242: pantothenate and coenzyme A biosynthesis III|g__Faecalibacterium.s__Faecalibacterium_prausnitzii	0.0000000000
PWY-4242: pantothenate and coenzyme A biosynthesis III|g__Bacteroides.s__Bacteroides_xylanisolvens	0.0000000000
PWY-4242: pantothenate and coenzyme A biosynthesis III|g__Bacteroides.s__Bacteroides_ovatus	0.0000000000
PWY-6126: superpathway of adenosine nucleotides de novo biosynthesis II	0.0000000000
PWY-6126: superpathway of adenosine nucleotides de novo biosynthesis II|g__Bacteroides.s__Bacteroides_vulgatus	0.0000000000
PWY-6126: superpathway of adenosine nucleotides de novo biosynthesis II|g__Escherichia.s__Escherichia_coli	0.0333281538
PWY0-166: superpathway of pyrimidine deoxyribonucleotides de novo biosynthesis (E. coli)	0.0000000000
PWY0-166: superpathway of pyrimidine deoxyribonucleotides de novo biosynthesis (E. coli)|g__Escherichia.s__Escherichia_coli	0.0432204549
GLYCOGENSYNTH-PWY: glycogen biosynthesis I (from ADP-D-Glucose)	0.0000000000
GLYCOGENSYNTH-PWY: glycogen biosynthesis I (from ADP-D-Glucose)|g__Eubacterium.s__Eubacterium_rectale	0.9999999998
GLYCOGENSYNTH-PWY: glycogen biosynthesis I (from ADP-D-Glucose)|g__Roseburia.s__Roseburia_intestinalis	0.9759669478
GLYCOGENSYNTH-PWY: glycogen biosynthesis I (from ADP-D-Glucose)|unclassified	0.0000000000
GLYCOGENSYNTH-PWY: glycogen biosynthesis I (from ADP-D-Glucose)|g__Lachnospiraceae_noname.s__Lachnospiraceae_bacterium_5_1_63FAA	0.9968586304
GLYCOGENSYNTH-PWY: glycogen biosynthesis I (from ADP-D-Glucose)|g__Blautia.s__Ruminococcus_obeum	0.5920685622
SER-GLYSYN-PWY: superpathway of L-serine and glycine biosynthesis I	0.0000000000
SER-GLYSYN-PWY: superpathway of L-serine and glycine biosynthesis I|g__Faecalibacterium.s__Faecalibacterium_prausnitzii	0.0000000000
SER-GLYSYN-PWY: superpathway of L-serine and glycine biosynthesis I|unclassified	0.0000000000
SER-GLYSYN-PWY: superpathway of L-serine and glycine biosynthesis I|g__Roseburia.s__Roseburia_intestinalis	0.0000015447
SER-GLYSYN-PWY: superpathway of L-serine and glycine biosynthesis I|g__Escherichia.s__Escherichia_coli	0.0000004973
HISTSYN-PWY: L-histidine biosynthesis	0.0000000000
HISTSYN-PWY: L-histidine biosynthesis|g__Bacteroides.s__Bacteroides_faecis	0.0000000000
HISTSYN-PWY: L-histidine biosynthesis|g__Parasutterella.s__Parasutterella_excrementihominis	0.0000023605
PWY-6125: superpathway of guanosine nucleotides de novo biosynthesis II	0.0000000000
PWY-6125: superpathway of guanosine nucleotides de novo biosynthesis II|g__Bacteroides.s__Bacteroides_vulgatus	0.0000000000
PWY-6125: superpathway of guanosine nucleotides de novo biosynthesis II|g__Parasutterella.s__Parasutterella_excrementihominis	0.0011369368
PWY-6125: superpathway of guanosine nucleotides de novo biosynthesis II|g__Escherichia.s__Escherichia_coli	0.0000242450
ASPASN-PWY: superpathway of L-aspartate and L-asparagine biosynthesis	0.0000000000
ASPASN-PWY: superpathway of L-aspartate and L-asparagine biosynthesis|g__Faecalibacterium.s__Faecalibacterium_prausnitzii	0.0000000000
ASPASN-PWY: superpathway of L-aspartate and L-asparagine biosynthesis|g__Bacteroides.s__Bacteroides_ovatus	0.0000000000
ASPASN-PWY: superpathway of L-aspartate and L-asparagine biosynthesis|g__Bacteroides.s__Bacteroides_faecis	0.0000000000
ASPASN-PWY: superpathway of L-aspartate and L-asparagine biosynthesis|g__Bacteroides.s__Bacteroides_xylanisolvens	0.0000000000
ASPASN-PWY: superpathway of L-aspartate and L-asparagine biosynthesis|g__Escherichia.s__Escherichia_coli	0.0036002866
PWY-7187: pyrimidine deoxyribonucleotides de novo biosynthesis II	0.0000000000
PWY-6168: flavin biosynthesis III (fungi)	0.0000000000
PWY-6168: flavin biosynthesis III (fungi)|g__Bacteroides.s__Bacteroides_faecis	0.0000000000
PWY-7196: superpathway of pyrimidine ribonucleosides salvage	0.0000000000
RHAMCAT-PWY: L-rhamnose degradation I	0.0000000000
RHAMCAT-PWY: L-rhamnose degradation I|g__Bacteroides.s__Bacteroides_ovatus	0.0000000001
RHAMCAT-PWY: L-rhamnose degradation I|g__Bacteroides.s__Bacteroides_faecis	0.0000000000
RHAMCAT-PWY: L-rhamnose degradation I|g__Bacteroides.s__Bacteroides_xylanisolvens	0.0000000000
PWY0-162: superpathway of pyrimidine ribonucleotides de novo biosynthesis	0.0000000000
TRNA-CHARGING-PWY: tRNA charging	0.0000000000
PWY-7199: pyrimidine deoxyribonucleosides salvage	0.0000000000
PWY-7199: pyrimidine deoxyribonucleosides salvage|g__Escherichia.s__Escherichia_coli	0.0000003342
COBALSYN-PWY: adenosylcobalamin salvage from cobinamide I	0.0000000000
COBALSYN-PWY: adenosylcobalamin salvage from cobinamide I|g__Faecalibacterium.s__Faecalibacterium_prausnitzii	0.0000000000
PWY-3801: sucrose degradation II (sucrose synthase)	0.0000000000
PWY-7345: superpathway of anaerobic sucrose degradation	0.0000000000
PWY-6545: pyrimidine deoxyribonucleotides de novo biosynthesis III	0.0000000000
PWY-7184: pyrimidine deoxyribonucleotides de novo biosynthesis I	0.0000000000
PWY-7184: pyrimidine deoxyribonucleotides de novo biosynthesis I|g__Escherichia.s__Escherichia_coli	0.0475738509
ARO-PWY: chorismate biosynthesis I	0.0000000000
PWY-7220: adenosine deoxyribonucleotides de novo biosynthesis II	0.0000000000
PWY-7220: adenosine deoxyribonucleotides de novo biosynthesis II|g__Bacteroides.s__Bacteroides_vulgatus	0.0000000000
PWY-7220: adenosine deoxyribonucleotides de novo biosynthesis II|g__Escherichia.s__Escherichia_coli	0.0654138849
PWY-7220: adenosine deoxyribonucleotides de novo biosynthesis II|g__Parasutterella.s__Parasutterella_excrementihominis	0.0004880275
PWY-7222: guanosine deoxyribonucleotides de novo biosynthesis II	0.0000000000
PWY-7222: guanosine deoxyribonucleotides de novo biosynthesis II|g__Bacteroides.s__Bacteroides_vulgatus	0.0000000000
PWY-7222: guanosine deoxyribonucleotides de novo biosynthesis II|g__Escherichia.s__Escherichia_coli	0.0654138849
PWY-7222: guanosine deoxyribonucleotides de novo biosynthesis II|g__Parasutterella.s__Parasutterella_excrementihominis	0.0004880275
GLYCOLYSIS-E-D: superpathway of glycolysis and Entner-Doudoroff	0.0000000000
PWY-3781: aerobic respiration I (cytochrome c)	0.0000000000
PWY-3781: aerobic respiration I (cytochrome c)|unclassified	0.0000000005
PYRIDOXSYN-PWY: pyridoxal 5'-phosphate biosynthesis I	0.0000000000
PYRIDOXSYN-PWY: pyridoxal 5'-phosphate biosynthesis I|g__Bacteroides.s__Bacteroides_ovatus	0.0000000000
PYRIDOXSYN-PWY: pyridoxal 5'-phosphate biosynthesis I|g__Bacteroides.s__Bacteroides_xylanisolvens	0.0000000000
PYRIDOXSYN-PWY: pyridoxal 5'-phosphate biosynthesis I|g__Bacteroides.s__Bacteroides_faecis	0.0000000000
PWY-6703: preQ0 biosynthesis	0.0000000000
PWY-6703: preQ0 biosynthesis|g__Bacteroides.s__Bacteroides_vulgatus	0.0000000000
PWY-6703: preQ0 biosynthesis|g__Parabacteroides.s__Parabacteroides_distasonis	0.0000000000
PWY-6703: preQ0 biosynthesis|g__Bacteroides.s__Bacteroides_ovatus	0.0000000000
PWY-6703: preQ0 biosynthesis|g__Bacteroides.s__Bacteroides_xylanisolvens	0.0000000000
PWY-6703: preQ0 biosynthesis|g__Bacteroides.s__Bacteroides_faecis	0.0000000000
PHOSLIPSYN-PWY: superpathway of phospholipid biosynthesis I (bacteria)	0.0000000000
COMPLETE-ARO-PWY: superpathway of aromatic amino acid biosynthesis	0.0000000000
PWY-6163: chorismate biosynthesis from 3-dehydroquinate	0.0000000000
PWY-6163: chorismate biosynthesis from 3-dehydroquinate|g__Roseburia.s__Roseburia_intestinalis	0.0000000001
PWY-6163: chorismate biosynthesis from 3-dehydroquinate|g__Parasutterella.s__Parasutterella_excrementihominis	0.0000000000
PWY0-845: superpathway of pyridoxal 5'-phosphate biosynthesis and salvage	0.0000000000
PWY0-845: superpathway of pyridoxal 5'-phosphate biosynthesis and salvage|g__Bacteroides.s__Bacteroides_ovatus	0.0000000000
PWY0-845: superpathway of pyridoxal 5'-phosphate biosynthesis and salvage|g__Bacteroides.s__Bacteroides_xylanisolvens	0.0000000000
PWY0-845: superpathway of pyridoxal 5'-phosphate biosynthesis and salvage|g__Bacteroides.s__Bacteroides_faecis	0.0000000000
PENTOSE-P-PWY: pentose phosphate pathway	0.0000000000
PWY-7279: aerobic respiration II (cytochrome c) (yeast)	0.0000000000
THISYNARA-PWY: superpathway of thiamin diphosphate biosynthesis III (eukaryotes)	0.0000000000
THISYNARA-PWY: superpathway of thiamin diphosphate biosynthesis III (eukaryotes)|g__Faecalibacterium.s__Faecalibacterium_prausnitzii	0.0000000000
THISYNARA-PWY: superpathway of thiamin diphosphate biosynthesis III (eukaryotes)|g__Bacteroides.s__Bacteroides_ovatus	0.0000000000
PWY0-1586: peptidoglycan maturation (meso-diaminopimelate containing)	0.0000000000
PWY0-1586: peptidoglycan maturation (meso-diaminopimelate containing)|g__Faecalibacterium.s__Faecalibacterium_prausnitzii	0.0000000000
PWY0-1586: peptidoglycan maturation (meso-diaminopimelate containing)|g__Escherichia.s__Escherichia_coli	0.9984753246
PWY0-1586: peptidoglycan maturation (meso-diaminopimelate containing)|g__Enterobacter.s__Enterobacter_cloacae	0.0415939437
PWY-7282: 4-amino-2-methyl-5-phosphomethylpyrimidine biosynthesis (yeast)	0.0000000000
PWY-7282: 4-amino-2-methyl-5-phosphomethylpyrimidine biosynthesis (yeast)|g__Bacteroides.s__Bacteroides_ovatus	0.0000000000
PWY-6901: superpathway of glucose and xylose degradation	0.0000000000
PWY-6897: thiamin salvage II	0.0000000000
PWY-5971: palmitate biosynthesis II (bacteria and plants)	0.0000000000
PWY-7211: superpathway of pyrimidine deoxyribonucleotides de novo biosynthesis	0.0000000000
FASYN-ELONG-PWY: fatty acid elongation -- saturated	0.0000000000
FASYN-ELONG-PWY: fatty acid elongation -- saturated|g__Escherichia.s__Escherichia_coli	0.0000049051
FASYN-ELONG-PWY: fatty acid elongation -- saturated|g__Enterobacter.s__Enterobacter_cloacae	0.0014264164
P441-PWY: superpathway of N-acetylneuraminate degradation	0.0000000000
PWYG-321: mycolate biosynthesis	0.0000000000
PWY-6305: putrescine biosynthesis IV	0.0000000000
PWY-6305: putrescine biosynthesis IV|g__Faecalibacterium.s__Faecalibacterium_prausnitzii	0.0000000000
PWY-7664: oleate biosynthesis IV (anaerobic)	0.0000000000
PWY-7664: oleate biosynthesis IV (anaerobic)|g__Escherichia.s__Escherichia_coli	0.0000057226
PWY-7664: oleate biosynthesis IV (anaerobic)|g__Enterobacter.s__Enterobacter_cloacae	0.0016629970
DENOVOPURINE2-PWY: superpathway of purine nucleotides de novo biosynthesis II	0.0000000000
CITRULBIO-PWY: L-citrulline biosynthesis	0.0000000000
PWY4FS-7: phosphatidylglycerol biosynthesis I (plastidic)	0.0000000000
PWY4FS-8: phosphatidylglycerol biosynthesis II (non-plastidic)	0.0000000000
PWY-4984: urea cycle	0.0000000000
COLANSYN-PWY: colanic acid building blocks biosynthesis	0.0000000000
PWY-6282: palmitoleate biosynthesis I (from (5Z)-dodec-5-enoate)	0.0000000000
PWY-6282: palmitoleate biosynthesis I (from (5Z)-dodec-5-enoate)|g__Escherichia.s__Escherichia_coli	0.0000036788
PWY-6282: palmitoleate biosynthesis I (from (5Z)-dodec-5-enoate)|g__Enterobacter.s__Enterobacter_cloacae	0.0010702970
PWY-5989: stearate biosynthesis II (bacteria and plants)	0.0000000000
PWY-5989: stearate biosynthesis II (bacteria and plants)|g__Escherichia.s__Escherichia_coli	0.0000000191
PWY0-862: (5Z)-dodec-5-enoate biosynthesis	0.0000000000
PWY0-862: (5Z)-dodec-5-enoate biosynthesis|g__Escherichia.s__Escherichia_coli	0.8178850554
PWY0-862: (5Z)-dodec-5-enoate biosynthesis|g__Enterobacter.s__Enterobacter_cloacae	0.4142034937
PWY-7357: thiamin formation from pyrithiamine and oxythiamine (yeast)	0.0000000000
PWY-7357: thiamin formation from pyrithiamine and oxythiamine (yeast)|g__Faecalibacterium.s__Faecalibacterium_prausnitzii	0.0000000000
PWY-6700: queuosine biosynthesis	0.0000000000
PWY-6700: queuosine biosynthesis|g__Bacteroides.s__Bacteroides_faecis	0.0000000000
PWY-6700: queuosine biosynthesis|g__Bacteroides.s__Bacteroides_vulgatus	0.0000000000
PWY-6700: queuosine biosynthesis|g__Parasutterella.s__Parasutterella_excrementihominis	0.0000050482
PWY-6113: superpathway of mycolate biosynthesis	0.0000000000
PWY-7400: L-arginine biosynthesis IV (archaebacteria)	0.0000000000
UDPNAGSYN-PWY: UDP-N-acetyl-D-glucosamine biosynthesis I	0.0000000000
UDPNAGSYN-PWY: UDP-N-acetyl-D-glucosamine biosynthesis I|g__Escherichia.s__Escherichia_coli	0.1777658617
FASYN-INITIAL-PWY: superpathway of fatty acid biosynthesis initiation (E. coli)	0.0000000000
FASYN-INITIAL-PWY: superpathway of fatty acid biosynthesis initiation (E. coli)|g__Escherichia.s__Escherichia_coli	0.0031869328
PWY-841: superpathway of purine nucleotides de novo biosynthesis I	0.0000000000
PWY-841: superpathway of purine nucleotides de novo biosynthesis I|g__Escherichia.s__Escherichia_coli	0.0000000314
PRPP-PWY: superpathway of histidine, purine, and pyrimidine biosynthesis	0.0000000000
PWY-7388: octanoyl-[acyl-carrier protein] biosynthesis (mitochondria, yeast)	0.0000000000
PWY-7388: octanoyl-[acyl-carrier protein] biosynthesis (mitochondria, yeast)|g__Escherichia.s__Escherichia_coli	0.0000042919
ARGSYN-PWY: L-arginine biosynthesis I (via L-ornithine)	0.0000000000
PWY-7323: superpathway of GDP-mannose-derived O-antigen building blocks biosynthesis	0.0000000000
PWY-7323: superpathway of GDP-mannose-derived O-antigen building blocks biosynthesis|g__Bacteroides.s__Bacteroides_ovatus	0.0000000000
PWY-7323: superpathway of GDP-mannose-derived O-antigen building blocks biosynthesis|g__Bacteroides.s__Bacteroides_xylanisolvens	0.0000000000
PWY-6285: superpathway of fatty acids biosynthesis (E. coli)	0.0000000000
OANTIGEN-PWY: O-antigen building blocks biosynthesis (E. coli)	0.0000000000
PWY-7210: pyrimidine deoxyribonucleotides biosynthesis from CTP	0.0000000000
PWY-5083: NAD/NADH phosphorylation and dephosphorylation	0.0000000000
PWY-5083: NAD/NADH phosphorylation and dephosphorylation|g__Escherichia.s__Escherichia_coli	0.9985735595
PWY-5083: NAD/NADH phosphorylation and dephosphorylation|g__Enterobacter.s__Enterobacter_cloacae	0.0000308808
HEXITOLDEGSUPER-PWY: superpathway of hexitol degradation (bacteria)	0.0000000000
PWY-5347: superpathway of L-methionine biosynthesis (transsulfuration)	0.0000000000
PWY-5188: tetrapyrrole biosynthesis I (from glutamate)	0.0000000000
PWY-5188: tetrapyrrole biosynthesis I (from glutamate)|g__Parasutterella.s__Parasutterella_excrementihominis	0.0434601172
PWY-5188: tetrapyrrole biosynthesis I (from glutamate)|g__Lachnospiraceae_noname.s__Lachnospiraceae_bacterium_7_1_58FAA	0.1764248933
PWY-5188: tetrapyrrole biosynthesis I (from glutamate)|g__Escherichia.s__Escherichia_coli	0.0000000000
PWY-4981: L-proline biosynthesis II (from arginine)	0.0000000000
PWY-4981: L-proline biosynthesis II (from arginine)|g__Eubacterium.s__Eubacterium_ramulus	0.2324951934
HISDEG-PWY: L-histidine degradation I	0.0000000000
HISDEG-PWY: L-histidine degradation I|g__Clostridium.s__Clostridium_symbiosum	0.5064714997
P42-PWY: incomplete reductive TCA cycle	0.0000000000
PWY-6608: guanosine nucleotides degradation III	0.0000000000
METSYN-PWY: L-homoserine and L-methionine biosynthesis	0.0000000000
PWY0-1297: superpathway of purine deoxyribonucleosides degradation	0.0000000000
PWY0-1297: superpathway of purine deoxyribonucleosides degradation|g__Escherichia.s__Escherichia_coli	0.0239537979
MET-SAM-PWY: superpathway of S-adenosyl-L-methionine biosynthesis	0.0000000000
PWY-7198: pyrimidine deoxyribonucleotides de novo biosynthesis IV	0.0000000000
P4-PWY: superpathway of L-lysine, L-threonine and L-methionine biosynthesis I	0.0000000000
SALVADEHYPOX-PWY: adenosine nucleotides degradation II	0.0000000000
PWY-6284: superpathway of unsaturated fatty acids biosynthesis (E. coli)	0.0000000000
DAPLYSINESYN-PWY: L-lysine biosynthesis I	0.0000000000
P162-PWY: L-glutamate degradation V (via hydroxyglutarate)	0.0000000000
PWY4LZ-257: superpathway of fermentation (Chlamydomonas reinhardtii)	0.0000000000
PWY0-1261: anhydromuropeptides recycling	0.0000000000
PWY-7234: inosine-5'-phosphate biosynthesis III	0.0000000000
PWY-7234: inosine-5'-phosphate biosynthesis III|g__Escherichia.s__Escherichia_coli	0.0011688578
GLYCOCAT-PWY: glycogen degradation I (bacterial)	0.0000000000
PWY0-1298: superpathway of pyrimidine deoxyribonucleosides degradation	0.0000000000
PWY0-1298: superpathway of pyrimidine deoxyribonucleosides degradation|g__Escherichia.s__Escherichia_coli	0.0000005572
PWY0-781: aspartate superpathway	0.0000000000
P161-PWY: acetylene degradation	0.0000000000
P161-PWY: acetylene degradation|unclassified	0.0000000000
P161-PWY: acetylene degradation|g__Enterobacter.s__Enterobacter_cloacae	0.7480568938
ARGSYNBSUB-PWY: L-arginine biosynthesis II (acetyl cycle)	0.0000000000
ARG+POLYAMINE-SYN: superpathway of arginine and polyamine biosynthesis	0.0000000000
PWY-5154: L-arginine biosynthesis III (via N-acetyl-L-citrulline)	0.0000000000
HEMESYN2-PWY: heme biosynthesis II (anaerobic)	0.0000000000
PPGPPMET-PWY: ppGpp biosynthesis	0.0000000000
PPGPPMET-PWY: ppGpp biosynthesis|g__Enterobacter.s__Enterobacter_cloacae	0.0094550695
FOLSYN-PWY: superpathway of tetrahydrofolate biosynthesis and salvage	0.0000000000
HOMOSER-METSYN-PWY: L-methionine biosynthesis I	0.0000000000
THISYN-PWY: superpathway of thiamin diphosphate biosynthesis I	0.0000000000
PWY-6969: TCA cycle V (2-oxoglutarate:ferredoxin oxidoreductase)	0.0000000000
PWY-6969: TCA cycle V (2-oxoglutarate:ferredoxin oxidoreductase)|g__Escherichia.s__Escherichia_coli	0.0035129340
NAGLIPASYN-PWY: lipid IVA biosynthesis	0.0000000000
NAGLIPASYN-PWY: lipid IVA biosynthesis|g__Escherichia.s__Escherichia_coli	0.0378402319
NAGLIPASYN-PWY: lipid IVA biosynthesis|g__Parasutterella.s__Parasutterella_excrementihominis	0.0043082692
GLUCONEO-PWY: gluconeogenesis I	0.0000000000
TCA: TCA cycle I (prokaryotic)	0.0000000000
TCA: TCA cycle I (prokaryotic)|g__Escherichia.s__Escherichia_coli	0.0042247123
GLYCOLYSIS-TCA-GLYOX-BYPASS: superpathway of glycolysis, pyruvate dehydrogenase, TCA, and glyoxylate bypass	0.0000000000
POLYAMSYN-PWY: superpathway of polyamine biosynthesis I	0.0000000000
PWY-5384: sucrose degradation IV (sucrose phosphorylase)	0.0000000000
PWY-5384: sucrose degradation IV (sucrose phosphorylase)|g__Roseburia.s__Roseburia_intestinalis	0.0005445550
PWY-6612: superpathway of tetrahydrofolate biosynthesis	0.0000000000
PWY-5104: L-isoleucine biosynthesis IV	0.0000000000
PYRIDNUCSYN-PWY: NAD biosynthesis I (from aspartate)	0.0000000000
GLUTORN-PWY: L-ornithine biosynthesis	0.0000000000
P164-PWY: purine nucleobases degradation I (anaerobic)	0.0000000000
PWY0-1479: tRNA processing	0.0000000000
PWY-5121: superpathway of geranylgeranyl diphosphate biosynthesis II (via MEP)	0.0000000000
P105-PWY: TCA cycle IV (2-oxoglutarate decarboxylase)	0.0000000000
P105-PWY: TCA cycle IV (2-oxoglutarate decarboxylase)|g__Escherichia.s__Escherichia_coli	0.0035129340
PWY-5367: petroselinate biosynthesis	0.0000000000
PWY-6588: pyruvate fermentation to acetone	0.0000000000
PWY-5676: acetyl-CoA fermentation to butanoate II	0.0000000000
PWY-5690: TCA cycle II (plants and fungi)	0.0000000000
PWY-5690: TCA cycle II (plants and fungi)|g__Escherichia.s__Escherichia_coli	0.0021168755
TCA-GLYOX-BYPASS: superpathway of glyoxylate bypass and TCA	0.0000000000
TCA-GLYOX-BYPASS: superpathway of glyoxylate bypass and TCA|g__Escherichia.s__Escherichia_coli	0.0031628229
REDCITCYC: TCA cycle VIII (helicobacter)	0.0000000000
P461-PWY: hexitol fermentation to lactate, formate, ethanol and acetate	0.0000000000
PWY-5897: superpathway of menaquinol-11 biosynthesis	0.0000000000
PWY-5898: superpathway of menaquinol-12 biosynthesis	0.0000000000
PWY-5899: superpathway of menaquinol-13 biosynthesis	0.0000000000
P122-PWY: heterolactic fermentation	0.0000000000
PWY-5173: superpathway of acetyl-CoA biosynthesis	0.0000000000
PWY-5173: superpathway of acetyl-CoA biosynthesis|g__Enterobacter.s__Enterobacter_cloacae	0.3087777627
PWY-5173: superpathway of acetyl-CoA biosynthesis|g__Escherichia.s__Escherichia_coli	0.0021034965
ENTBACSYN-PWY: enterobactin biosynthesis	0.0000000000
PWY0-1241: ADP-L-glycero-&beta;-D-manno-heptose biosynthesis	0.0000000000
GLYOXYLATE-BYPASS: glyoxylate cycle	0.0000000000
GLYOXYLATE-BYPASS: glyoxylate cycle|g__Escherichia.s__Escherichia_coli	0.1988918484
PWY-7315: dTDP-N-acetylthomosamine biosynthesis	0.0000000000
PWY-7315: dTDP-N-acetylthomosamine biosynthesis|g__Escherichia.s__Escherichia_coli	0.0000000004
PWY-5030: L-histidine degradation III	0.0000000000
PWY0-1061: superpathway of L-alanine biosynthesis	0.0000000000
PYRIDNUCSAL-PWY: NAD salvage pathway I	0.0000000000
FERMENTATION-PWY: mixed acid fermentation	0.0000000000
PWY-6892: thiazole biosynthesis I (E. coli)	0.0000000000
PWY-7539: 6-hydroxymethyl-dihydropterin diphosphate biosynthesis III (Chlamydia)	0.0000000000
PWY-6147: 6-hydroxymethyl-dihydropterin diphosphate biosynthesis I	0.0000000000
NAD-BIOSYNTHESIS-II: NAD salvage pathway II	0.0000000000
PWY-5863: superpathway of phylloquinol biosynthesis	0.0000000000
PWY-5855: ubiquinol-7 biosynthesis (prokaryotic)	0.0000000000
PWY-5855: ubiquinol-7 biosynthesis (prokaryotic)|g__Escherichia.s__Escherichia_coli	0.0000000026
PWY-5856: ubiquinol-9 biosynthesis (prokaryotic)	0.0000000000
PWY-5856: ubiquinol-9 biosynthesis (prokaryotic)|g__Escherichia.s__Escherichia_coli	0.0000000026
PWY-5857: ubiquinol-10 biosynthesis (prokaryotic)	0.0000000000
PWY-5857: ubiquinol-10 biosynthesis (prokaryotic)|g__Escherichia.s__Escherichia_coli	0.0000000026
PWY-6708: ubiquinol-8 biosynthesis (prokaryotic)	0.0000000000
PWY-6708: ubiquinol-8 biosynthesis (prokaryotic)|g__Escherichia.s__Escherichia_coli	0.0000000026
PWY-5791: 1,4-dihydroxy-2-naphthoate biosynthesis II (plants)	0.0000000000
PWY-5837: 1,4-dihydroxy-2-naphthoate biosynthesis I	0.0000000000
PWY66-409: superpathway of purine nucleotide salvage	0.0000000000
PWY-5723: Rubisco shunt	0.0000000000
PWY-5505: L-glutamate and L-glutamine biosynthesis	0.0000000000
PWY-6353: purine nucleotides degradation II (aerobic)	0.0000000000
SO4ASSIM-PWY: sulfate reduction I (assimilatory)	0.0000000000
PWY0-1277: 3-phenylpropanoate and 3-(3-hydroxyphenyl)propanoate degradation	0.0000000000
PWY0-1277: 3-phenylpropanoate and 3-(3-hydroxyphenyl)propanoate degradation|g__Escherichia.s__Escherichia_coli	0.0000000026
PWY66-399: gluconeogenesis III	0.0000000000
PWY-5913: TCA cycle VI (obligate autotrophs)	0.0000000000
PWY-5913: TCA cycle VI (obligate autotrophs)|g__Escherichia.s__Escherichia_coli	0.0000001977
HSERMETANA-PWY: L-methionine biosynthesis III	0.0000000000
HCAMHPDEG-PWY: 3-phenylpropanoate and 3-(3-hydroxyphenyl)propanoate degradation to 2-oxopent-4-enoate	0.0000000000
HCAMHPDEG-PWY: 3-phenylpropanoate and 3-(3-hydroxyphenyl)propanoate degradation to 2-oxopent-4-enoate|g__Escherichia.s__Escherichia_coli	0.0000000006
PWY-6690: cinnamate and 3-hydroxycinnamate degradation to 2-oxopent-4-enoate	0.0000000000
PWY-6690: cinnamate and 3-hydroxycinnamate degradation to 2-oxopent-4-enoate|g__Escherichia.s__Escherichia_coli	0.0000000006
PWY-7383: anaerobic energy metabolism (invertebrates, cytosol)	0.0000000000
PWY-6936: seleno-amino acid biosynthesis	0.0000000000
PWY-4041: &gamma;-glutamyl cycle	0.0000000000
PWY-4041: &gamma;-glutamyl cycle|g__Escherichia.s__Escherichia_coli	0.0000000000