# Pathway	HSM5MD59_P_Coverage
UNMAPPED	1.0000000000
UNINTEGRATED	1.0000000000
UNINTEGRATED|g__Alistipes.s__Alistipes_finegoldii	1.0000000000
UNINTEGRATED|g__Bacteroides.s__Bacteroides_caccae	1.0000000000
UNINTEGRATED|g__Bacteroides.s__Bacteroides_dorei	1.0000000000
UNINTEGRATED|g__Bacteroides.s__Bacteroides_ovatus	1.0000000000
UNINTEGRATED|g__Bacteroides.s__Bacteroides_stercoris	1.0000000000
UNINTEGRATED|g__Bacteroides.s__Bacteroides_uniformis	1.0000000000
UNINTEGRATED|g__Bacteroides.s__Bacteroides_vulgatus	1.0000000000
UNINTEGRATED|g__Burkholderiales_noname.s__Burkholderiales_bacterium_1_1_47	1.0000000000
UNINTEGRATED|g__Dialister.s__Dialister_invisus	1.0000000000
UNINTEGRATED|g__Escherichia.s__Escherichia_coli	1.0000000000
UNINTEGRATED|g__Faecalibacterium.s__Faecalibacterium_prausnitzii	1.0000000000
UNINTEGRATED|g__Flavonifractor.s__Flavonifractor_plautii	1.0000000000
UNINTEGRATED|g__Lachnospiraceae_noname.s__Lachnospiraceae_bacterium_7_1_58FAA	1.0000000000
UNINTEGRATED|g__Oscillibacter.s__Oscillibacter_sp_KLE_1745	1.0000000000
UNINTEGRATED|g__Parabacteroides.s__Parabacteroides_merdae	1.0000000000
UNINTEGRATED|g__Parasutterella.s__Parasutterella_excrementihominis	1.0000000000
UNINTEGRATED|g__Ruminococcaceae_noname.s__Ruminococcaceae_bacterium_D16	1.0000000000
UNINTEGRATED|unclassified	1.0000000000
PWY-621: sucrose degradation III (sucrose invertase)	1.0000000000
PWY-621: sucrose degradation III (sucrose invertase)|g__Faecalibacterium.s__Faecalibacterium_prausnitzii	1.0000000000
PWY-1042: glycolysis IV (plant cytosol)	1.0000000000
PWY-1042: glycolysis IV (plant cytosol)|g__Faecalibacterium.s__Faecalibacterium_prausnitzii	0.0000000000
PWY-1042: glycolysis IV (plant cytosol)|unclassified	0.0000756024
PWY-1042: glycolysis IV (plant cytosol)|g__Escherichia.s__Escherichia_coli	0.0035488298
PWY-1042: glycolysis IV (plant cytosol)|g__Bacteroides.s__Bacteroides_caccae	0.0000005639
ANAGLYCOLYSIS-PWY: glycolysis III (from glucose)	1.0000000000
ANAGLYCOLYSIS-PWY: glycolysis III (from glucose)|g__Escherichia.s__Escherichia_coli	0.0030663643
PWY-7219: adenosine ribonucleotides de novo biosynthesis	1.0000000000
PWY-7219: adenosine ribonucleotides de novo biosynthesis|g__Faecalibacterium.s__Faecalibacterium_prausnitzii	1.0000000000
PWY-7219: adenosine ribonucleotides de novo biosynthesis|g__Bacteroides.s__Bacteroides_uniformis	0.9118249503
PWY-7219: adenosine ribonucleotides de novo biosynthesis|g__Bacteroides.s__Bacteroides_dorei	0.0268735714
PWY-7219: adenosine ribonucleotides de novo biosynthesis|g__Parasutterella.s__Parasutterella_excrementihominis	0.9999998198
PWY-7219: adenosine ribonucleotides de novo biosynthesis|g__Parabacteroides.s__Parabacteroides_merdae	0.6511064815
PWY-7219: adenosine ribonucleotides de novo biosynthesis|g__Bacteroides.s__Bacteroides_stercoris	0.9980602148
PWY-7219: adenosine ribonucleotides de novo biosynthesis|g__Bacteroides.s__Bacteroides_ovatus	0.9230790857
PWY-7219: adenosine ribonucleotides de novo biosynthesis|g__Burkholderiales_noname.s__Burkholderiales_bacterium_1_1_47	0.9926851936
PWY-7219: adenosine ribonucleotides de novo biosynthesis|g__Escherichia.s__Escherichia_coli	0.6180989049
PWY-7219: adenosine ribonucleotides de novo biosynthesis|g__Dialister.s__Dialister_invisus	0.9970448937
PWY-7219: adenosine ribonucleotides de novo biosynthesis|g__Flavonifractor.s__Flavonifractor_plautii	0.7049585026
PWY-7219: adenosine ribonucleotides de novo biosynthesis|g__Bacteroides.s__Bacteroides_caccae	0.0341819582
PWY-7219: adenosine ribonucleotides de novo biosynthesis|g__Lachnospiraceae_noname.s__Lachnospiraceae_bacterium_7_1_58FAA	0.1542859222
PWY-7219: adenosine ribonucleotides de novo biosynthesis|g__Ruminococcaceae_noname.s__Ruminococcaceae_bacterium_D16	0.7040705764
PWY-7219: adenosine ribonucleotides de novo biosynthesis|g__Bacteroides.s__Bacteroides_vulgatus	0.0001484648
PWY66-400: glycolysis VI (metazoan)	1.0000000000
PWY66-400: glycolysis VI (metazoan)|g__Escherichia.s__Escherichia_coli	0.0000000000
PWY-5484: glycolysis II (from fructose 6-phosphate)	0.9848005773
GLYCOLYSIS: glycolysis I (from glucose 6-phosphate)	0.9848005773
PWY-7242: D-fructuronate degradation	1.0000000000
PWY-7242: D-fructuronate degradation|g__Faecalibacterium.s__Faecalibacterium_prausnitzii	1.0000000000
PWY-7242: D-fructuronate degradation|g__Escherichia.s__Escherichia_coli	0.0000000034
PWY-7208: superpathway of pyrimidine nucleobases salvage	1.0000000000
PWY-7208: superpathway of pyrimidine nucleobases salvage|g__Burkholderiales_noname.s__Burkholderiales_bacterium_1_1_47	0.9990874324
PWY-7208: superpathway of pyrimidine nucleobases salvage|g__Parasutterella.s__Parasutterella_excrementihominis	0.9983199055
PWY-5667: CDP-diacylglycerol biosynthesis I	1.0000000000
PWY-5667: CDP-diacylglycerol biosynthesis I|g__Faecalibacterium.s__Faecalibacterium_prausnitzii	0.8404021022
PWY-5667: CDP-diacylglycerol biosynthesis I|g__Bacteroides.s__Bacteroides_stercoris	0.9982309592
PWY-5667: CDP-diacylglycerol biosynthesis I|g__Lachnospiraceae_noname.s__Lachnospiraceae_bacterium_7_1_58FAA	0.0000121488
PWY0-1319: CDP-diacylglycerol biosynthesis II	1.0000000000
PWY0-1319: CDP-diacylglycerol biosynthesis II|g__Faecalibacterium.s__Faecalibacterium_prausnitzii	0.8404021022
PWY0-1319: CDP-diacylglycerol biosynthesis II|g__Bacteroides.s__Bacteroides_stercoris	0.9982309592
PWY0-1319: CDP-diacylglycerol biosynthesis II|g__Lachnospiraceae_noname.s__Lachnospiraceae_bacterium_7_1_58FAA	0.0000121488
GLUCUROCAT-PWY: superpathway of &beta;-D-glucuronide and D-glucuronate degradation	1.0000000000
GLUCUROCAT-PWY: superpathway of &beta;-D-glucuronide and D-glucuronate degradation|g__Faecalibacterium.s__Faecalibacterium_prausnitzii	0.9999999956
PWY-6507: 4-deoxy-L-threo-hex-4-enopyranuronate degradation	1.0000000000
PWY-6507: 4-deoxy-L-threo-hex-4-enopyranuronate degradation|g__Faecalibacterium.s__Faecalibacterium_prausnitzii	1.0000000000
PWY-7221: guanosine ribonucleotides de novo biosynthesis	1.0000000000
PWY-7221: guanosine ribonucleotides de novo biosynthesis|g__Faecalibacterium.s__Faecalibacterium_prausnitzii	0.0000000000
PWY-7221: guanosine ribonucleotides de novo biosynthesis|g__Parasutterella.s__Parasutterella_excrementihominis	0.9990970595
PWY-7221: guanosine ribonucleotides de novo biosynthesis|g__Burkholderiales_noname.s__Burkholderiales_bacterium_1_1_47	0.9647754582
PWY-7221: guanosine ribonucleotides de novo biosynthesis|g__Bacteroides.s__Bacteroides_dorei	0.0000000000
PWY-7221: guanosine ribonucleotides de novo biosynthesis|g__Bacteroides.s__Bacteroides_ovatus	0.1731479836
PWY-7221: guanosine ribonucleotides de novo biosynthesis|g__Flavonifractor.s__Flavonifractor_plautii	0.1838061086
PWY-7221: guanosine ribonucleotides de novo biosynthesis|g__Escherichia.s__Escherichia_coli	0.0000073621
PWY-7221: guanosine ribonucleotides de novo biosynthesis|g__Ruminococcaceae_noname.s__Ruminococcaceae_bacterium_D16	0.3504953274
PWY-7221: guanosine ribonucleotides de novo biosynthesis|g__Lachnospiraceae_noname.s__Lachnospiraceae_bacterium_7_1_58FAA	0.0000000000
PWY-7229: superpathway of adenosine nucleotides de novo biosynthesis I	0.0000001402
PWY-7228: superpathway of guanosine nucleotides de novo biosynthesis I	0.9987243389
PWY-7228: superpathway of guanosine nucleotides de novo biosynthesis I|g__Parasutterella.s__Parasutterella_excrementihominis	0.4440348510
PWY-7228: superpathway of guanosine nucleotides de novo biosynthesis I|g__Burkholderiales_noname.s__Burkholderiales_bacterium_1_1_47	0.0739112633
PWY-5695: urate biosynthesis/inosine 5'-phosphate degradation	0.9999999985
PWY-5695: urate biosynthesis/inosine 5'-phosphate degradation|g__Faecalibacterium.s__Faecalibacterium_prausnitzii	0.0000000181
PWY-5695: urate biosynthesis/inosine 5'-phosphate degradation|g__Escherichia.s__Escherichia_coli	0.7101964810
PWY-5695: urate biosynthesis/inosine 5'-phosphate degradation|g__Bacteroides.s__Bacteroides_stercoris	0.1460818676
PWY-5695: urate biosynthesis/inosine 5'-phosphate degradation|g__Bacteroides.s__Bacteroides_caccae	0.0000081316
CALVIN-PWY: Calvin-Benson-Bassham cycle	0.0000000000
CALVIN-PWY: Calvin-Benson-Bassham cycle|g__Faecalibacterium.s__Faecalibacterium_prausnitzii	0.0000000768
DTDPRHAMSYN-PWY: dTDP-L-rhamnose biosynthesis I	1.0000000000
DTDPRHAMSYN-PWY: dTDP-L-rhamnose biosynthesis I|g__Faecalibacterium.s__Faecalibacterium_prausnitzii	0.7172880186
DTDPRHAMSYN-PWY: dTDP-L-rhamnose biosynthesis I|g__Bacteroides.s__Bacteroides_ovatus	0.5965617230
DTDPRHAMSYN-PWY: dTDP-L-rhamnose biosynthesis I|g__Escherichia.s__Escherichia_coli	0.0000000301
PWY-6737: starch degradation V	0.9999999991
PWY-6737: starch degradation V|g__Faecalibacterium.s__Faecalibacterium_prausnitzii	1.0000000000
PWY-6737: starch degradation V|unclassified	0.0000000061
PWY-6737: starch degradation V|g__Alistipes.s__Alistipes_finegoldii	0.0231352316
PWY0-1296: purine ribonucleosides degradation	0.9999999978
PWY0-1296: purine ribonucleosides degradation|g__Faecalibacterium.s__Faecalibacterium_prausnitzii	0.5959299174
PWY0-1296: purine ribonucleosides degradation|g__Escherichia.s__Escherichia_coli	1.0000000000
PWY-6126: superpathway of adenosine nucleotides de novo biosynthesis II	0.0000000818
GALACTUROCAT-PWY: D-galacturonate degradation I	0.2288692023
GALACTUROCAT-PWY: D-galacturonate degradation I|g__Faecalibacterium.s__Faecalibacterium_prausnitzii	0.9962820630
PWY-5177: glutaryl-CoA degradation	0.0003259601
PWY-5177: glutaryl-CoA degradation|g__Faecalibacterium.s__Faecalibacterium_prausnitzii	0.9933752103
NONMEVIPP-PWY: methylerythritol phosphate pathway I	0.0234042252
NONMEVIPP-PWY: methylerythritol phosphate pathway I|g__Flavonifractor.s__Flavonifractor_plautii	0.9220964959
NONMEVIPP-PWY: methylerythritol phosphate pathway I|g__Lachnospiraceae_noname.s__Lachnospiraceae_bacterium_7_1_58FAA	0.1853125773
PWY-6124: inosine-5'-phosphate biosynthesis II	0.3979843891
PWY-6124: inosine-5'-phosphate biosynthesis II|g__Bacteroides.s__Bacteroides_ovatus	0.9455318048
PWY-6124: inosine-5'-phosphate biosynthesis II|g__Faecalibacterium.s__Faecalibacterium_prausnitzii	0.0000000000
ASPASN-PWY: superpathway of L-aspartate and L-asparagine biosynthesis	0.9790911204
ASPASN-PWY: superpathway of L-aspartate and L-asparagine biosynthesis|g__Faecalibacterium.s__Faecalibacterium_prausnitzii	0.0000000000
ASPASN-PWY: superpathway of L-aspartate and L-asparagine biosynthesis|g__Escherichia.s__Escherichia_coli	0.8426306259
ASPASN-PWY: superpathway of L-aspartate and L-asparagine biosynthesis|g__Bacteroides.s__Bacteroides_ovatus	0.3862834195
PWY-6125: superpathway of guanosine nucleotides de novo biosynthesis II	0.0000000818
PWY-6123: inosine-5'-phosphate biosynthesis I	0.3986601592
PWY-6123: inosine-5'-phosphate biosynthesis I|g__Bacteroides.s__Bacteroides_ovatus	0.9533138464
PWY-6123: inosine-5'-phosphate biosynthesis I|g__Faecalibacterium.s__Faecalibacterium_prausnitzii	0.0000000000
COA-PWY-1: coenzyme A biosynthesis II (mammalian)	0.3491207822
COA-PWY-1: coenzyme A biosynthesis II (mammalian)|g__Faecalibacterium.s__Faecalibacterium_prausnitzii	0.0000000006
COA-PWY-1: coenzyme A biosynthesis II (mammalian)|g__Lachnospiraceae_noname.s__Lachnospiraceae_bacterium_7_1_58FAA	0.7755150917
COA-PWY-1: coenzyme A biosynthesis II (mammalian)|g__Bacteroides.s__Bacteroides_dorei	0.0000000000
COA-PWY-1: coenzyme A biosynthesis II (mammalian)|g__Bacteroides.s__Bacteroides_ovatus	0.1085815535
COA-PWY-1: coenzyme A biosynthesis II (mammalian)|g__Flavonifractor.s__Flavonifractor_plautii	0.5968663606
GALACT-GLUCUROCAT-PWY: superpathway of hexuronide and hexuronate degradation	0.0000000000
GALACT-GLUCUROCAT-PWY: superpathway of hexuronide and hexuronate degradation|g__Faecalibacterium.s__Faecalibacterium_prausnitzii	0.0936994200
PWY-6609: adenine and adenosine salvage III	0.7736877416
PWY-6609: adenine and adenosine salvage III|g__Faecalibacterium.s__Faecalibacterium_prausnitzii	0.5841129098
PWY-6609: adenine and adenosine salvage III|g__Escherichia.s__Escherichia_coli	0.0000132942
PWY-6387: UDP-N-acetylmuramoyl-pentapeptide biosynthesis I (meso-diaminopimelate containing)	0.7267894572
PWY-6387: UDP-N-acetylmuramoyl-pentapeptide biosynthesis I (meso-diaminopimelate containing)|g__Faecalibacterium.s__Faecalibacterium_prausnitzii	0.0000000000
PWY-6387: UDP-N-acetylmuramoyl-pentapeptide biosynthesis I (meso-diaminopimelate containing)|g__Lachnospiraceae_noname.s__Lachnospiraceae_bacterium_7_1_58FAA	0.0000000002
PWY66-399: gluconeogenesis III	0.0000000000
PWY-6386: UDP-N-acetylmuramoyl-pentapeptide biosynthesis II (lysine-containing)	0.0000000000
PWY-6386: UDP-N-acetylmuramoyl-pentapeptide biosynthesis II (lysine-containing)|g__Faecalibacterium.s__Faecalibacterium_prausnitzii	0.0000000000
PWY-6386: UDP-N-acetylmuramoyl-pentapeptide biosynthesis II (lysine-containing)|g__Lachnospiraceae_noname.s__Lachnospiraceae_bacterium_7_1_58FAA	0.0000000005
PWY0-845: superpathway of pyridoxal 5'-phosphate biosynthesis and salvage	0.0054192811
PWY-5188: tetrapyrrole biosynthesis I (from glutamate)	0.0201622796
PWY-5188: tetrapyrrole biosynthesis I (from glutamate)|g__Parasutterella.s__Parasutterella_excrementihominis	0.9994270586
PWY-5188: tetrapyrrole biosynthesis I (from glutamate)|g__Burkholderiales_noname.s__Burkholderiales_bacterium_1_1_47	0.9947985243
PWY-5188: tetrapyrrole biosynthesis I (from glutamate)|g__Lachnospiraceae_noname.s__Lachnospiraceae_bacterium_7_1_58FAA	0.8995890653
PWY-5188: tetrapyrrole biosynthesis I (from glutamate)|g__Flavonifractor.s__Flavonifractor_plautii	0.0000020818
PWY-6151: S-adenosyl-L-methionine cycle I	0.0000013465
PWY-6151: S-adenosyl-L-methionine cycle I|g__Faecalibacterium.s__Faecalibacterium_prausnitzii	0.0000000000
PWY-6151: S-adenosyl-L-methionine cycle I|g__Bacteroides.s__Bacteroides_stercoris	0.9993690022
PWY-6151: S-adenosyl-L-methionine cycle I|g__Escherichia.s__Escherichia_coli	0.0000000000
PWY-2942: L-lysine biosynthesis III	0.1568430984
PWY-2942: L-lysine biosynthesis III|g__Parabacteroides.s__Parabacteroides_merdae	0.0000001380
PWY0-1479: tRNA processing	0.0000000000
PWY0-1479: tRNA processing|g__Burkholderiales_noname.s__Burkholderiales_bacterium_1_1_47	0.7993507565
PWY0-1479: tRNA processing|g__Parasutterella.s__Parasutterella_excrementihominis	0.6988352622
PEPTIDOGLYCANSYN-PWY: peptidoglycan biosynthesis I (meso-diaminopimelate containing)	0.0120618822
PEPTIDOGLYCANSYN-PWY: peptidoglycan biosynthesis I (meso-diaminopimelate containing)|g__Faecalibacterium.s__Faecalibacterium_prausnitzii	0.0000000000
PEPTIDOGLYCANSYN-PWY: peptidoglycan biosynthesis I (meso-diaminopimelate containing)|g__Lachnospiraceae_noname.s__Lachnospiraceae_bacterium_7_1_58FAA	0.0000000003
PWY0-166: superpathway of pyrimidine deoxyribonucleotides de novo biosynthesis (E. coli)	0.0000000001
ANAEROFRUCAT-PWY: homolactic fermentation	0.0000000000
PWY-5686: UMP biosynthesis	0.0000046617
PWY-5686: UMP biosynthesis|g__Faecalibacterium.s__Faecalibacterium_prausnitzii	0.0000000000
PWY-5686: UMP biosynthesis|g__Bacteroides.s__Bacteroides_uniformis	0.0000359880
PWY-5686: UMP biosynthesis|g__Parabacteroides.s__Parabacteroides_merdae	0.0000000000
PWY-5686: UMP biosynthesis|g__Bacteroides.s__Bacteroides_stercoris	0.0000000000
PWY-6545: pyrimidine deoxyribonucleotides de novo biosynthesis III	0.0000000001
PWY-7184: pyrimidine deoxyribonucleotides de novo biosynthesis I	0.0000000001
PWY-7197: pyrimidine deoxyribonucleotide phosphorylation	0.0000000000
PWY-7197: pyrimidine deoxyribonucleotide phosphorylation|g__Parasutterella.s__Parasutterella_excrementihominis	0.7394174387
PWY-7197: pyrimidine deoxyribonucleotide phosphorylation|g__Burkholderiales_noname.s__Burkholderiales_bacterium_1_1_47	0.3443391999
COBALSYN-PWY: adenosylcobalamin salvage from cobinamide I	0.0024433204
COBALSYN-PWY: adenosylcobalamin salvage from cobinamide I|g__Faecalibacterium.s__Faecalibacterium_prausnitzii	0.9993609537
PYRIDOXSYN-PWY: pyridoxal 5'-phosphate biosynthesis I	0.0031228593
PYRIDOXSYN-PWY: pyridoxal 5'-phosphate biosynthesis I|g__Bacteroides.s__Bacteroides_stercoris	0.1175078157
PWY-6385: peptidoglycan biosynthesis III (mycobacteria)	0.0000000000
PWY-6385: peptidoglycan biosynthesis III (mycobacteria)|g__Faecalibacterium.s__Faecalibacterium_prausnitzii	0.0000000000
PWY-3841: folate transformations II	0.0000000426
PWY-3841: folate transformations II|g__Parabacteroides.s__Parabacteroides_merdae	0.9825816915
PWY-6121: 5-aminoimidazole ribonucleotide biosynthesis I	0.0014131004
PWY-6121: 5-aminoimidazole ribonucleotide biosynthesis I|g__Faecalibacterium.s__Faecalibacterium_prausnitzii	0.0000000000
PWY-6121: 5-aminoimidazole ribonucleotide biosynthesis I|g__Parasutterella.s__Parasutterella_excrementihominis	0.0524895462
PWY-6121: 5-aminoimidazole ribonucleotide biosynthesis I|g__Burkholderiales_noname.s__Burkholderiales_bacterium_1_1_47	0.0000000037
PANTO-PWY: phosphopantothenate biosynthesis I	0.0000004338
PANTO-PWY: phosphopantothenate biosynthesis I|g__Bacteroides.s__Bacteroides_dorei	0.0000000000
PANTO-PWY: phosphopantothenate biosynthesis I|g__Bacteroides.s__Bacteroides_ovatus	0.1656437448
PANTO-PWY: phosphopantothenate biosynthesis I|g__Parasutterella.s__Parasutterella_excrementihominis	0.0000000080
GLCMANNANAUT-PWY: superpathway of N-acetylglucosamine, N-acetylmannosamine and N-acetylneuraminate degradation	0.0000000000
GLCMANNANAUT-PWY: superpathway of N-acetylglucosamine, N-acetylmannosamine and N-acetylneuraminate degradation|g__Faecalibacterium.s__Faecalibacterium_prausnitzii	0.0000021103
PWY-6122: 5-aminoimidazole ribonucleotide biosynthesis II	0.0011308695
PWY-6122: 5-aminoimidazole ribonucleotide biosynthesis II|g__Faecalibacterium.s__Faecalibacterium_prausnitzii	0.0000000000
PWY-6122: 5-aminoimidazole ribonucleotide biosynthesis II|g__Parasutterella.s__Parasutterella_excrementihominis	0.0452789381
PWY-6122: 5-aminoimidazole ribonucleotide biosynthesis II|g__Burkholderiales_noname.s__Burkholderiales_bacterium_1_1_47	0.0000000030
PWY-6277: superpathway of 5-aminoimidazole ribonucleotide biosynthesis	0.0011308695
PWY-6277: superpathway of 5-aminoimidazole ribonucleotide biosynthesis|g__Faecalibacterium.s__Faecalibacterium_prausnitzii	0.0000000000
PWY-6277: superpathway of 5-aminoimidazole ribonucleotide biosynthesis|g__Parasutterella.s__Parasutterella_excrementihominis	0.0452789381
PWY-6277: superpathway of 5-aminoimidazole ribonucleotide biosynthesis|g__Burkholderiales_noname.s__Burkholderiales_bacterium_1_1_47	0.0000000030
PWY-6317: galactose degradation I (Leloir pathway)	0.0000000000
PWY-6317: galactose degradation I (Leloir pathway)|g__Faecalibacterium.s__Faecalibacterium_prausnitzii	0.5776582569
PWY66-422: D-galactose degradation V (Leloir pathway)	0.0000000000
PWY66-422: D-galactose degradation V (Leloir pathway)|g__Faecalibacterium.s__Faecalibacterium_prausnitzii	0.5776582569
PWY-7220: adenosine deoxyribonucleotides de novo biosynthesis II	0.0000000351
PWY-7220: adenosine deoxyribonucleotides de novo biosynthesis II|g__Parasutterella.s__Parasutterella_excrementihominis	0.2854249093
PWY-7220: adenosine deoxyribonucleotides de novo biosynthesis II|g__Burkholderiales_noname.s__Burkholderiales_bacterium_1_1_47	0.0384096340
PWY-7222: guanosine deoxyribonucleotides de novo biosynthesis II	0.0000000351
PWY-7222: guanosine deoxyribonucleotides de novo biosynthesis II|g__Parasutterella.s__Parasutterella_excrementihominis	0.2854249093
PWY-7222: guanosine deoxyribonucleotides de novo biosynthesis II|g__Burkholderiales_noname.s__Burkholderiales_bacterium_1_1_47	0.0384096340
SER-GLYSYN-PWY: superpathway of L-serine and glycine biosynthesis I	0.0000000000
SER-GLYSYN-PWY: superpathway of L-serine and glycine biosynthesis I|g__Faecalibacterium.s__Faecalibacterium_prausnitzii	0.0000000000
SER-GLYSYN-PWY: superpathway of L-serine and glycine biosynthesis I|g__Escherichia.s__Escherichia_coli	0.0014633924
THRESYN-PWY: superpathway of L-threonine biosynthesis	0.0000000000
THRESYN-PWY: superpathway of L-threonine biosynthesis|g__Faecalibacterium.s__Faecalibacterium_prausnitzii	0.0000000000
PWY-7111: pyruvate fermentation to isobutanol (engineered)	0.0000038727
PWY-7111: pyruvate fermentation to isobutanol (engineered)|g__Faecalibacterium.s__Faecalibacterium_prausnitzii	0.0000000000
PWY-7111: pyruvate fermentation to isobutanol (engineered)|g__Parasutterella.s__Parasutterella_excrementihominis	0.8907431815
PWY-7111: pyruvate fermentation to isobutanol (engineered)|g__Parabacteroides.s__Parabacteroides_merdae	0.0000002026
PWY-7111: pyruvate fermentation to isobutanol (engineered)|g__Burkholderiales_noname.s__Burkholderiales_bacterium_1_1_47	0.3379684388
PWY-7111: pyruvate fermentation to isobutanol (engineered)|g__Bacteroides.s__Bacteroides_stercoris	0.0000177580
PWY-7111: pyruvate fermentation to isobutanol (engineered)|g__Flavonifractor.s__Flavonifractor_plautii	0.0000031673
PWY-7111: pyruvate fermentation to isobutanol (engineered)|g__Lachnospiraceae_noname.s__Lachnospiraceae_bacterium_7_1_58FAA	0.0000000000
NONOXIPENT-PWY: pentose phosphate pathway (non-oxidative branch)	0.0000000000
NONOXIPENT-PWY: pentose phosphate pathway (non-oxidative branch)|g__Faecalibacterium.s__Faecalibacterium_prausnitzii	0.0000000000
ARGININE-SYN4-PWY: L-ornithine de novo  biosynthesis	0.0000000000
ARGININE-SYN4-PWY: L-ornithine de novo  biosynthesis|g__Bacteroides.s__Bacteroides_ovatus	0.0162790705
ARO-PWY: chorismate biosynthesis I	0.0000000000
PWY-3001: superpathway of L-isoleucine biosynthesis I	0.0000000000
PWY-3001: superpathway of L-isoleucine biosynthesis I|g__Faecalibacterium.s__Faecalibacterium_prausnitzii	0.0000000000
PWY-6163: chorismate biosynthesis from 3-dehydroquinate	0.0000000000
PWY-6163: chorismate biosynthesis from 3-dehydroquinate|g__Flavonifractor.s__Flavonifractor_plautii	0.3135460715
PWY-5973: cis-vaccenate biosynthesis	0.0000000000
PWY-724: superpathway of L-lysine, L-threonine and L-methionine biosynthesis II	0.0000000000
PWY-724: superpathway of L-lysine, L-threonine and L-methionine biosynthesis II|g__Faecalibacterium.s__Faecalibacterium_prausnitzii	0.0000000000
PWY-5097: L-lysine biosynthesis VI	0.0000000000
PWY-5097: L-lysine biosynthesis VI|g__Faecalibacterium.s__Faecalibacterium_prausnitzii	0.0000000000
ILEUSYN-PWY: L-isoleucine biosynthesis I (from threonine)	0.0000000000
VALSYN-PWY: L-valine biosynthesis	0.0000000000
VALSYN-PWY: L-valine biosynthesis|g__Parasutterella.s__Parasutterella_excrementihominis	0.8907431815
VALSYN-PWY: L-valine biosynthesis|g__Parabacteroides.s__Parabacteroides_merdae	0.0000002026
VALSYN-PWY: L-valine biosynthesis|g__Faecalibacterium.s__Faecalibacterium_prausnitzii	0.0000000000
VALSYN-PWY: L-valine biosynthesis|g__Burkholderiales_noname.s__Burkholderiales_bacterium_1_1_47	0.3379684388
VALSYN-PWY: L-valine biosynthesis|g__Bacteroides.s__Bacteroides_stercoris	0.0000177580
VALSYN-PWY: L-valine biosynthesis|g__Flavonifractor.s__Flavonifractor_plautii	0.0000031673
VALSYN-PWY: L-valine biosynthesis|g__Lachnospiraceae_noname.s__Lachnospiraceae_bacterium_7_1_58FAA	0.0000000000
PWY66-409: superpathway of purine nucleotide salvage	0.0000000000
PWY-5659: GDP-mannose biosynthesis	0.0000000000
PWY-5659: GDP-mannose biosynthesis|g__Bacteroides.s__Bacteroides_ovatus	0.0000000000
1CMET2-PWY: N10-formyl-tetrahydrofolate biosynthesis	0.0000000000
1CMET2-PWY: N10-formyl-tetrahydrofolate biosynthesis|g__Parabacteroides.s__Parabacteroides_merdae	0.0118715810
PWY-7663: gondoate biosynthesis (anaerobic)	0.0000000000
PWY-7663: gondoate biosynthesis (anaerobic)|g__Escherichia.s__Escherichia_coli	0.6914037339
PWY-7663: gondoate biosynthesis (anaerobic)|g__Bacteroides.s__Bacteroides_stercoris	0.0000000000
COMPLETE-ARO-PWY: superpathway of aromatic amino acid biosynthesis	0.0000000000
PWY-7400: L-arginine biosynthesis IV (archaebacteria)	0.0000000000
PWY-7400: L-arginine biosynthesis IV (archaebacteria)|g__Burkholderiales_noname.s__Burkholderiales_bacterium_1_1_47	0.0016544678
PWY-7400: L-arginine biosynthesis IV (archaebacteria)|g__Parasutterella.s__Parasutterella_excrementihominis	0.0030693356
PWY-7199: pyrimidine deoxyribonucleosides salvage	0.0000000000
PWY-6700: queuosine biosynthesis	0.0000000000
PWY-6700: queuosine biosynthesis|g__Bacteroides.s__Bacteroides_dorei	0.0000000000
PWY-6700: queuosine biosynthesis|g__Parasutterella.s__Parasutterella_excrementihominis	0.3324340645
PWY-6700: queuosine biosynthesis|g__Burkholderiales_noname.s__Burkholderiales_bacterium_1_1_47	0.0359230209
PWY-5100: pyruvate fermentation to acetate and lactate II	0.0000000000
PANTOSYN-PWY: pantothenate and coenzyme A biosynthesis I	0.0000000000
ARGSYN-PWY: L-arginine biosynthesis I (via L-ornithine)	0.0000000000
ARGSYN-PWY: L-arginine biosynthesis I (via L-ornithine)|g__Burkholderiales_noname.s__Burkholderiales_bacterium_1_1_47	0.0016518423
ARGSYN-PWY: L-arginine biosynthesis I (via L-ornithine)|g__Parasutterella.s__Parasutterella_excrementihominis	0.0028760306
PWY-7383: anaerobic energy metabolism (invertebrates, cytosol)	0.0000000000
PWY0-1586: peptidoglycan maturation (meso-diaminopimelate containing)	0.0000000000
PWY0-1586: peptidoglycan maturation (meso-diaminopimelate containing)|g__Escherichia.s__Escherichia_coli	0.0009105004
PWY0-1586: peptidoglycan maturation (meso-diaminopimelate containing)|g__Faecalibacterium.s__Faecalibacterium_prausnitzii	0.0000000000
P42-PWY: incomplete reductive TCA cycle	0.0000000000
PWY-6703: preQ0 biosynthesis	0.0000000000
PWY-6703: preQ0 biosynthesis|g__Bacteroides.s__Bacteroides_dorei	0.0000000000
PWY0-162: superpathway of pyrimidine ribonucleotides de novo biosynthesis	0.0000000000
DAPLYSINESYN-PWY: L-lysine biosynthesis I	0.0000000000
COA-PWY: coenzyme A biosynthesis I	0.0000000000
COA-PWY: coenzyme A biosynthesis I|g__Faecalibacterium.s__Faecalibacterium_prausnitzii	0.0000000000
COA-PWY: coenzyme A biosynthesis I|g__Bacteroides.s__Bacteroides_ovatus	0.1049017520
PWY-6608: guanosine nucleotides degradation III	0.0000000000
PWY-6353: purine nucleotides degradation II (aerobic)	0.0000000000
PWY-1269: CMP-3-deoxy-D-manno-octulosonate biosynthesis I	0.0000000000
PWY-1269: CMP-3-deoxy-D-manno-octulosonate biosynthesis I|g__Bacteroides.s__Bacteroides_ovatus	0.0235104989
PWY-1269: CMP-3-deoxy-D-manno-octulosonate biosynthesis I|g__Escherichia.s__Escherichia_coli	0.0000000000
P108-PWY: pyruvate fermentation to propanoate I	0.0000000000
ARGSYNBSUB-PWY: L-arginine biosynthesis II (acetyl cycle)	0.0000000000
ARGSYNBSUB-PWY: L-arginine biosynthesis II (acetyl cycle)|g__Burkholderiales_noname.s__Burkholderiales_bacterium_1_1_47	0.0026555441
ARGSYNBSUB-PWY: L-arginine biosynthesis II (acetyl cycle)|g__Parasutterella.s__Parasutterella_excrementihominis	0.0013684886
CITRULBIO-PWY: L-citrulline biosynthesis	0.0000000000
FASYN-ELONG-PWY: fatty acid elongation -- saturated	0.0000000000
FASYN-ELONG-PWY: fatty acid elongation -- saturated|g__Escherichia.s__Escherichia_coli	0.0001095031
PWY-7234: inosine-5'-phosphate biosynthesis III	0.0000000000
OANTIGEN-PWY: O-antigen building blocks biosynthesis (E. coli)	0.0000000000
PWY-5173: superpathway of acetyl-CoA biosynthesis	0.0000000000
PWY-5173: superpathway of acetyl-CoA biosynthesis|g__Escherichia.s__Escherichia_coli	0.9997708579
SALVADEHYPOX-PWY: adenosine nucleotides degradation II	0.0000000000
PWY0-1297: superpathway of purine deoxyribonucleosides degradation	0.0000000000
PWY0-1297: superpathway of purine deoxyribonucleosides degradation|g__Escherichia.s__Escherichia_coli	0.0000199411
PWYG-321: mycolate biosynthesis	0.0000000000
NAGLIPASYN-PWY: lipid IVA biosynthesis	0.0000000000
PWY-7664: oleate biosynthesis IV (anaerobic)	0.0000000000
PWY-7664: oleate biosynthesis IV (anaerobic)|g__Escherichia.s__Escherichia_coli	0.0000766555
PWY-5989: stearate biosynthesis II (bacteria and plants)	0.0000000000
PWY-6282: palmitoleate biosynthesis I (from (5Z)-dodec-5-enoate)	0.0000000000
PWY-6282: palmitoleate biosynthesis I (from (5Z)-dodec-5-enoate)|g__Escherichia.s__Escherichia_coli	0.0000821303
PWY-6305: putrescine biosynthesis IV	0.0000000000
PWY-6305: putrescine biosynthesis IV|g__Faecalibacterium.s__Faecalibacterium_prausnitzii	0.0000000000
FASYN-INITIAL-PWY: superpathway of fatty acid biosynthesis initiation (E. coli)	0.0000000000
FASYN-INITIAL-PWY: superpathway of fatty acid biosynthesis initiation (E. coli)|g__Escherichia.s__Escherichia_coli	0.0000000000
PWY-4242: pantothenate and coenzyme A biosynthesis III	0.0000000000
PWY-4242: pantothenate and coenzyme A biosynthesis III|g__Faecalibacterium.s__Faecalibacterium_prausnitzii	0.0000000000
PWY-4984: urea cycle	0.0000000000
PWY0-862: (5Z)-dodec-5-enoate biosynthesis	0.0000000000
PWY0-862: (5Z)-dodec-5-enoate biosynthesis|g__Escherichia.s__Escherichia_coli	0.0000547555
UDPNAGSYN-PWY: UDP-N-acetyl-D-glucosamine biosynthesis I	0.0000000000
UDPNAGSYN-PWY: UDP-N-acetyl-D-glucosamine biosynthesis I|g__Escherichia.s__Escherichia_coli	0.0000000000
PWY-5030: L-histidine degradation III	0.0000000000
PWY0-1261: anhydromuropeptides recycling	0.0000000000
PWY0-1261: anhydromuropeptides recycling|g__Escherichia.s__Escherichia_coli	0.0747398311
PWY-5154: L-arginine biosynthesis III (via N-acetyl-L-citrulline)	0.0000000000
PWY-7388: octanoyl-[acyl-carrier protein] biosynthesis (mitochondria, yeast)	0.0000000000
PWY-7388: octanoyl-[acyl-carrier protein] biosynthesis (mitochondria, yeast)|g__Escherichia.s__Escherichia_coli	0.0000000000
TRNA-CHARGING-PWY: tRNA charging	0.0000000000
HEMESYN2-PWY: heme biosynthesis II (anaerobic)	0.0000000000
GLUTORN-PWY: L-ornithine biosynthesis	0.0000000000
GLUTORN-PWY: L-ornithine biosynthesis|g__Burkholderiales_noname.s__Burkholderiales_bacterium_1_1_47	0.0003486184
GLUTORN-PWY: L-ornithine biosynthesis|g__Parasutterella.s__Parasutterella_excrementihominis	0.0006196968
RIBOSYN2-PWY: flavin biosynthesis I (bacteria and plants)	0.0000000000
PWY-5083: NAD/NADH phosphorylation and dephosphorylation	0.0000000000
PWY-5083: NAD/NADH phosphorylation and dephosphorylation|g__Escherichia.s__Escherichia_coli	0.3707297479
PWY-7204: pyridoxal 5'-phosphate salvage II (plants)	0.0000000000
TCA: TCA cycle I (prokaryotic)	0.0000000000
TCA: TCA cycle I (prokaryotic)|g__Escherichia.s__Escherichia_coli	0.0001909299
PWY-4981: L-proline biosynthesis II (from arginine)	0.0000000000
PWY-6168: flavin biosynthesis III (fungi)	0.0000000000
HEME-BIOSYNTHESIS-II: heme biosynthesis I (aerobic)	0.0000000000
PWY-6147: 6-hydroxymethyl-dihydropterin diphosphate biosynthesis I	0.0000000000
PWY-7539: 6-hydroxymethyl-dihydropterin diphosphate biosynthesis III (Chlamydia)	0.0000000000
PYRIDNUCSAL-PWY: NAD salvage pathway I	0.0000000000
PWY-7187: pyrimidine deoxyribonucleotides de novo biosynthesis II	0.0000000000
PWY-4041: &gamma;-glutamyl cycle	0.0000000000
PWY-4041: &gamma;-glutamyl cycle|g__Escherichia.s__Escherichia_coli	0.1419673518
PWY-7269: NAD/NADP-NADH/NADPH mitochondrial interconversion (yeast)	0.0000000000
PWY-7269: NAD/NADP-NADH/NADPH mitochondrial interconversion (yeast)|g__Escherichia.s__Escherichia_coli	0.0029065694
ARG+POLYAMINE-SYN: superpathway of arginine and polyamine biosynthesis	0.0000000000
COLANSYN-PWY: colanic acid building blocks biosynthesis	0.0000000000
PPGPPMET-PWY: ppGpp biosynthesis	0.0000000000
MET-SAM-PWY: superpathway of S-adenosyl-L-methionine biosynthesis	0.0000000000
PWY-5347: superpathway of L-methionine biosynthesis (transsulfuration)	0.0000000000
PYRIDNUCSYN-PWY: NAD biosynthesis I (from aspartate)	0.0000000000
DENOVOPURINE2-PWY: superpathway of purine nucleotides de novo biosynthesis II	0.0000000000
PWY-6527: stachyose degradation	0.0000000000
METSYN-PWY: L-homoserine and L-methionine biosynthesis	0.0000000000
GLYCOGENSYNTH-PWY: glycogen biosynthesis I (from ADP-D-Glucose)	0.0000000000
GLYCOGENSYNTH-PWY: glycogen biosynthesis I (from ADP-D-Glucose)|g__Escherichia.s__Escherichia_coli	0.0000188924
PWY0-1061: superpathway of L-alanine biosynthesis	0.0000000000
PWY0-1061: superpathway of L-alanine biosynthesis|g__Escherichia.s__Escherichia_coli	0.0003938021
BRANCHED-CHAIN-AA-SYN-PWY: superpathway of branched amino acid biosynthesis	0.0000000000
PWY-5384: sucrose degradation IV (sucrose phosphorylase)	0.0000000000
PWY-2723: trehalose degradation V	0.0000000000
P4-PWY: superpathway of L-lysine, L-threonine and L-methionine biosynthesis I	0.0000000000
POLYAMSYN-PWY: superpathway of polyamine biosynthesis I	0.0000000000
GLYCOCAT-PWY: glycogen degradation I (bacterial)	0.0000000000
PWY-5103: L-isoleucine biosynthesis III	0.0000000000
PWY-5104: L-isoleucine biosynthesis IV	0.0000000000
PWY-5101: L-isoleucine biosynthesis II	0.0000000000
PWY0-781: aspartate superpathway	0.0000000000
HOMOSER-METSYN-PWY: L-methionine biosynthesis I	0.0000000000
PWY-7328: superpathway of UDP-glucose-derived O-antigen building blocks biosynthesis	0.0000000000
PWY-841: superpathway of purine nucleotides de novo biosynthesis I	0.0000000000
PWY0-1298: superpathway of pyrimidine deoxyribonucleosides degradation	0.0000000000
PWY4LZ-257: superpathway of fermentation (Chlamydomonas reinhardtii)	0.0000000000
GLUCOSE1PMETAB-PWY: glucose and glucose-1-phosphate degradation	0.0000000000
GLUCOSE1PMETAB-PWY: glucose and glucose-1-phosphate degradation|g__Escherichia.s__Escherichia_coli	0.0000138625
PWY-6969: TCA cycle V (2-oxoglutarate:ferredoxin oxidoreductase)	0.0000000000
P161-PWY: acetylene degradation	0.0000000000
PWY-7323: superpathway of GDP-mannose-derived O-antigen building blocks biosynthesis	0.0000000000
TCA-GLYOX-BYPASS: superpathway of glyoxylate bypass and TCA	0.0000000000
TCA-GLYOX-BYPASS: superpathway of glyoxylate bypass and TCA|g__Escherichia.s__Escherichia_coli	0.0000000000
PWY0-1241: ADP-L-glycero-&beta;-D-manno-heptose biosynthesis	0.0000000000
HSERMETANA-PWY: L-methionine biosynthesis III	0.0000000000
PWY-7315: dTDP-N-acetylthomosamine biosynthesis	0.0000000000
PWY-7315: dTDP-N-acetylthomosamine biosynthesis|g__Escherichia.s__Escherichia_coli	0.0000000000
GLYOXYLATE-BYPASS: glyoxylate cycle	0.0000000000
GLYOXYLATE-BYPASS: glyoxylate cycle|g__Escherichia.s__Escherichia_coli	0.0000000000
PWY-6936: seleno-amino acid biosynthesis	0.0000000000
GLYCOL-GLYOXDEG-PWY: superpathway of glycol metabolism and degradation	0.0000000000