# Pathway	MSM5LLH2_P_Coverage
UNMAPPED	1.0000000000
UNINTEGRATED	1.0000000000
UNINTEGRATED|g__Anaerostipes.s__Anaerostipes_hadrus	1.0000000000
UNINTEGRATED|g__Bacteroides.s__Bacteroides_fragilis	1.0000000000
UNINTEGRATED|g__Bacteroides.s__Bacteroides_ovatus	1.0000000000
UNINTEGRATED|g__Bacteroides.s__Bacteroides_uniformis	1.0000000000
UNINTEGRATED|g__Bacteroides.s__Bacteroides_vulgatus	1.0000000000
UNINTEGRATED|g__Bacteroides.s__Bacteroides_xylanisolvens	1.0000000000
UNINTEGRATED|g__Bifidobacterium.s__Bifidobacterium_longum	1.0000000000
UNINTEGRATED|g__Blautia.s__Ruminococcus_obeum	1.0000000000
UNINTEGRATED|g__Blautia.s__Ruminococcus_torques	1.0000000000
UNINTEGRATED|g__Catenibacterium.s__Catenibacterium_mitsuokai	1.0000000000
UNINTEGRATED|g__Clostridium.s__Clostridium_clostridioforme	1.0000000000
UNINTEGRATED|g__Coprococcus.s__Coprococcus_comes	1.0000000000
UNINTEGRATED|g__Dorea.s__Dorea_formicigenerans	1.0000000000
UNINTEGRATED|g__Dorea.s__Dorea_longicatena	1.0000000000
UNINTEGRATED|g__Enterobacter.s__Enterobacter_aerogenes	1.0000000000
UNINTEGRATED|g__Erysipelotrichaceae_noname.s__Eubacterium_biforme	1.0000000000
UNINTEGRATED|g__Escherichia.s__Escherichia_coli	1.0000000000
UNINTEGRATED|g__Eubacterium.s__Eubacterium_hallii	1.0000000000
UNINTEGRATED|g__Eubacterium.s__Eubacterium_ramulus	1.0000000000
UNINTEGRATED|g__Eubacterium.s__Eubacterium_rectale	1.0000000000
UNINTEGRATED|g__Faecalibacterium.s__Faecalibacterium_prausnitzii	1.0000000000
UNINTEGRATED|g__Lachnospiraceae_noname.s__Lachnospiraceae_bacterium_5_1_63FAA	1.0000000000
UNINTEGRATED|g__Peptostreptococcaceae_noname.s__Clostridium_bartlettii	1.0000000000
UNINTEGRATED|g__Phascolarctobacterium.s__Phascolarctobacterium_succinatutens	1.0000000000
UNINTEGRATED|g__Prevotella.s__Prevotella_copri	1.0000000000
UNINTEGRATED|g__Roseburia.s__Roseburia_hominis	1.0000000000
UNINTEGRATED|g__Roseburia.s__Roseburia_intestinalis	1.0000000000
UNINTEGRATED|g__Sutterella.s__Sutterella_wadsworthensis	1.0000000000
UNINTEGRATED|unclassified	1.0000000000
PWY-7219: adenosine ribonucleotides de novo biosynthesis	1.0000000000
PWY-7219: adenosine ribonucleotides de novo biosynthesis|g__Prevotella.s__Prevotella_copri	1.0000000000
PWY-7219: adenosine ribonucleotides de novo biosynthesis|unclassified	1.0000000000
PWY-7219: adenosine ribonucleotides de novo biosynthesis|g__Catenibacterium.s__Catenibacterium_mitsuokai	1.0000000000
PWY-7219: adenosine ribonucleotides de novo biosynthesis|g__Sutterella.s__Sutterella_wadsworthensis	1.0000000000
PWY-7219: adenosine ribonucleotides de novo biosynthesis|g__Faecalibacterium.s__Faecalibacterium_prausnitzii	1.0000000000
PWY-7219: adenosine ribonucleotides de novo biosynthesis|g__Phascolarctobacterium.s__Phascolarctobacterium_succinatutens	1.0000000000
PWY-7219: adenosine ribonucleotides de novo biosynthesis|g__Roseburia.s__Roseburia_intestinalis	0.9999999260
PWY-7219: adenosine ribonucleotides de novo biosynthesis|g__Eubacterium.s__Eubacterium_hallii	0.9999999997
PWY-7219: adenosine ribonucleotides de novo biosynthesis|g__Lachnospiraceae_noname.s__Lachnospiraceae_bacterium_5_1_63FAA	0.9999907918
PWY-7219: adenosine ribonucleotides de novo biosynthesis|g__Dorea.s__Dorea_longicatena	0.9927934926
PWY-7219: adenosine ribonucleotides de novo biosynthesis|g__Anaerostipes.s__Anaerostipes_hadrus	0.9927103672
PWY-7219: adenosine ribonucleotides de novo biosynthesis|g__Blautia.s__Ruminococcus_obeum	0.9623616393
PWY-7219: adenosine ribonucleotides de novo biosynthesis|g__Eubacterium.s__Eubacterium_ramulus	0.9673926456
PWY-7219: adenosine ribonucleotides de novo biosynthesis|g__Eubacterium.s__Eubacterium_rectale	0.9987935672
PWY-7219: adenosine ribonucleotides de novo biosynthesis|g__Dorea.s__Dorea_formicigenerans	0.9758772622
PWY-7219: adenosine ribonucleotides de novo biosynthesis|g__Peptostreptococcaceae_noname.s__Clostridium_bartlettii	0.9966936477
PWY-7219: adenosine ribonucleotides de novo biosynthesis|g__Bacteroides.s__Bacteroides_fragilis	0.0640925084
PWY-7219: adenosine ribonucleotides de novo biosynthesis|g__Bacteroides.s__Bacteroides_vulgatus	0.0246426692
PWY-7219: adenosine ribonucleotides de novo biosynthesis|g__Bacteroides.s__Bacteroides_uniformis	0.9633561157
PWY-7219: adenosine ribonucleotides de novo biosynthesis|g__Blautia.s__Ruminococcus_torques	0.6937924564
PWY-7219: adenosine ribonucleotides de novo biosynthesis|g__Erysipelotrichaceae_noname.s__Eubacterium_biforme	0.7353540294
PWY-7219: adenosine ribonucleotides de novo biosynthesis|g__Roseburia.s__Roseburia_hominis	0.7218839644
PWY-7219: adenosine ribonucleotides de novo biosynthesis|g__Coprococcus.s__Coprococcus_comes	0.3669406098
PWY-7219: adenosine ribonucleotides de novo biosynthesis|g__Enterobacter.s__Enterobacter_aerogenes	0.3927916829
PWY-7219: adenosine ribonucleotides de novo biosynthesis|g__Clostridium.s__Clostridium_clostridioforme	0.4228433038
PWY-1042: glycolysis IV (plant cytosol)	1.0000000000
PWY-1042: glycolysis IV (plant cytosol)|unclassified	1.0000000000
PWY-1042: glycolysis IV (plant cytosol)|g__Escherichia.s__Escherichia_coli	0.8473475257
ANAGLYCOLYSIS-PWY: glycolysis III (from glucose)	1.0000000000
ANAGLYCOLYSIS-PWY: glycolysis III (from glucose)|unclassified	0.9999999949
PWY-6737: starch degradation V	1.0000000000
PWY-6737: starch degradation V|unclassified	0.0045153397
PWY-6737: starch degradation V|g__Faecalibacterium.s__Faecalibacterium_prausnitzii	1.0000000000
PWY-6737: starch degradation V|g__Roseburia.s__Roseburia_intestinalis	1.0000000000
PWY-6737: starch degradation V|g__Catenibacterium.s__Catenibacterium_mitsuokai	0.9999847201
PWY-6737: starch degradation V|g__Dorea.s__Dorea_longicatena	0.0072389598
PWY-6737: starch degradation V|g__Blautia.s__Ruminococcus_obeum	0.0655036390
PWY-6737: starch degradation V|g__Eubacterium.s__Eubacterium_ramulus	0.0001067684
PWY-6737: starch degradation V|g__Roseburia.s__Roseburia_hominis	0.1285635014
PWY66-400: glycolysis VI (metazoan)	1.0000000000
PWY66-400: glycolysis VI (metazoan)|unclassified	0.9999999908
PWY-7221: guanosine ribonucleotides de novo biosynthesis	1.0000000000
PWY-7221: guanosine ribonucleotides de novo biosynthesis|unclassified	1.0000000000
PWY-7221: guanosine ribonucleotides de novo biosynthesis|g__Prevotella.s__Prevotella_copri	0.0000000000
PWY-7221: guanosine ribonucleotides de novo biosynthesis|g__Sutterella.s__Sutterella_wadsworthensis	0.4538126470
PWY-7221: guanosine ribonucleotides de novo biosynthesis|g__Faecalibacterium.s__Faecalibacterium_prausnitzii	0.9628573051
PWY-7221: guanosine ribonucleotides de novo biosynthesis|g__Roseburia.s__Roseburia_intestinalis	0.9728928634
PWY-7221: guanosine ribonucleotides de novo biosynthesis|g__Bacteroides.s__Bacteroides_vulgatus	0.9342825869
PWY-7221: guanosine ribonucleotides de novo biosynthesis|g__Blautia.s__Ruminococcus_obeum	0.8643239935
PWY-7221: guanosine ribonucleotides de novo biosynthesis|g__Bacteroides.s__Bacteroides_fragilis	0.0395845393
PWY-7221: guanosine ribonucleotides de novo biosynthesis|g__Phascolarctobacterium.s__Phascolarctobacterium_succinatutens	0.0003314372
PWY-7221: guanosine ribonucleotides de novo biosynthesis|g__Eubacterium.s__Eubacterium_ramulus	0.0024925596
PWY-7221: guanosine ribonucleotides de novo biosynthesis|g__Eubacterium.s__Eubacterium_rectale	0.2119788384
PWY-5177: glutaryl-CoA degradation	1.0000000000
PWY-5177: glutaryl-CoA degradation|g__Faecalibacterium.s__Faecalibacterium_prausnitzii	1.0000000000
PWY-5177: glutaryl-CoA degradation|unclassified	0.0000000000
PWY-7208: superpathway of pyrimidine nucleobases salvage	1.0000000000
PWY-7208: superpathway of pyrimidine nucleobases salvage|unclassified	0.0000000000
PWY-7208: superpathway of pyrimidine nucleobases salvage|g__Sutterella.s__Sutterella_wadsworthensis	0.0401545728
PWY-7208: superpathway of pyrimidine nucleobases salvage|g__Phascolarctobacterium.s__Phascolarctobacterium_succinatutens	0.5417539607
PWY-7208: superpathway of pyrimidine nucleobases salvage|g__Blautia.s__Ruminococcus_torques	0.3559043679
PWY-7208: superpathway of pyrimidine nucleobases salvage|g__Roseburia.s__Roseburia_intestinalis	0.0000000000
PWY-6317: galactose degradation I (Leloir pathway)	0.9998451849
PWY-6317: galactose degradation I (Leloir pathway)|unclassified	0.0055604938
PWY-6317: galactose degradation I (Leloir pathway)|g__Faecalibacterium.s__Faecalibacterium_prausnitzii	0.9120398021
PWY-6317: galactose degradation I (Leloir pathway)|g__Roseburia.s__Roseburia_intestinalis	0.2185345161
PWY-6317: galactose degradation I (Leloir pathway)|g__Blautia.s__Ruminococcus_obeum	0.0999891520
PWY66-422: D-galactose degradation V (Leloir pathway)	0.9998451849
PWY66-422: D-galactose degradation V (Leloir pathway)|unclassified	0.0055604938
PWY66-422: D-galactose degradation V (Leloir pathway)|g__Faecalibacterium.s__Faecalibacterium_prausnitzii	0.9120398021
PWY66-422: D-galactose degradation V (Leloir pathway)|g__Roseburia.s__Roseburia_intestinalis	0.7152790796
PWY66-422: D-galactose degradation V (Leloir pathway)|g__Blautia.s__Ruminococcus_obeum	0.2107953477
PWY-7228: superpathway of guanosine nucleotides de novo biosynthesis I	1.0000000000
PWY-7228: superpathway of guanosine nucleotides de novo biosynthesis I|unclassified	0.0000000000
PWY-7228: superpathway of guanosine nucleotides de novo biosynthesis I|g__Sutterella.s__Sutterella_wadsworthensis	0.5548254459
PWY-7228: superpathway of guanosine nucleotides de novo biosynthesis I|g__Bacteroides.s__Bacteroides_vulgatus	0.0235184745
TRNA-CHARGING-PWY: tRNA charging	0.9722994783
TRNA-CHARGING-PWY: tRNA charging|unclassified	0.0000000067
PWY-5686: UMP biosynthesis	1.0000000000
PWY-5686: UMP biosynthesis|g__Prevotella.s__Prevotella_copri	0.0000000000
PWY-5686: UMP biosynthesis|g__Faecalibacterium.s__Faecalibacterium_prausnitzii	0.6331466420
PWY-5686: UMP biosynthesis|unclassified	0.0000000000
PWY-5686: UMP biosynthesis|g__Catenibacterium.s__Catenibacterium_mitsuokai	0.0025645140
PWY-5686: UMP biosynthesis|g__Phascolarctobacterium.s__Phascolarctobacterium_succinatutens	0.1591963456
PWY-5686: UMP biosynthesis|g__Eubacterium.s__Eubacterium_ramulus	0.0888770095
PWY-5686: UMP biosynthesis|g__Dorea.s__Dorea_longicatena	0.0000249951
PWY-5686: UMP biosynthesis|g__Anaerostipes.s__Anaerostipes_hadrus	0.0016573140
PWY-5686: UMP biosynthesis|g__Lachnospiraceae_noname.s__Lachnospiraceae_bacterium_5_1_63FAA	0.0000342444
PWY-5686: UMP biosynthesis|g__Bacteroides.s__Bacteroides_fragilis	0.0000000000
PWY-2942: L-lysine biosynthesis III	1.0000000000
PWY-2942: L-lysine biosynthesis III|g__Prevotella.s__Prevotella_copri	0.0000000000
PWY-2942: L-lysine biosynthesis III|unclassified	0.0000000000
PWY-2942: L-lysine biosynthesis III|g__Catenibacterium.s__Catenibacterium_mitsuokai	0.2902190677
PWY-2942: L-lysine biosynthesis III|g__Sutterella.s__Sutterella_wadsworthensis	0.0000000000
PWY-2942: L-lysine biosynthesis III|g__Anaerostipes.s__Anaerostipes_hadrus	0.6963309014
PWY-2942: L-lysine biosynthesis III|g__Faecalibacterium.s__Faecalibacterium_prausnitzii	0.0000000000
PWY-2942: L-lysine biosynthesis III|g__Blautia.s__Ruminococcus_obeum	0.0786706653
PWY-2942: L-lysine biosynthesis III|g__Bacteroides.s__Bacteroides_fragilis	0.0178364214
PWY-2942: L-lysine biosynthesis III|g__Lachnospiraceae_noname.s__Lachnospiraceae_bacterium_5_1_63FAA	0.0015941243
PWY-2942: L-lysine biosynthesis III|g__Bacteroides.s__Bacteroides_uniformis	0.2619356361
PWY-2942: L-lysine biosynthesis III|g__Bacteroides.s__Bacteroides_vulgatus	0.0000000000
PWY-6122: 5-aminoimidazole ribonucleotide biosynthesis II	1.0000000000
PWY-6122: 5-aminoimidazole ribonucleotide biosynthesis II|unclassified	0.0000000105
PWY-6122: 5-aminoimidazole ribonucleotide biosynthesis II|g__Sutterella.s__Sutterella_wadsworthensis	0.9999993410
PWY-6122: 5-aminoimidazole ribonucleotide biosynthesis II|g__Faecalibacterium.s__Faecalibacterium_prausnitzii	0.9988785131
PWY-6122: 5-aminoimidazole ribonucleotide biosynthesis II|g__Catenibacterium.s__Catenibacterium_mitsuokai	0.9940463124
PWY-6122: 5-aminoimidazole ribonucleotide biosynthesis II|g__Roseburia.s__Roseburia_intestinalis	0.9893637105
PWY-6122: 5-aminoimidazole ribonucleotide biosynthesis II|g__Dorea.s__Dorea_longicatena	0.8379908503
PWY-6122: 5-aminoimidazole ribonucleotide biosynthesis II|g__Phascolarctobacterium.s__Phascolarctobacterium_succinatutens	0.7773893624
PWY-6122: 5-aminoimidazole ribonucleotide biosynthesis II|g__Blautia.s__Ruminococcus_obeum	0.3707790205
PWY-6122: 5-aminoimidazole ribonucleotide biosynthesis II|g__Eubacterium.s__Eubacterium_ramulus	0.1061976980
PWY-6122: 5-aminoimidazole ribonucleotide biosynthesis II|g__Dorea.s__Dorea_formicigenerans	0.4485737901
PWY-6122: 5-aminoimidazole ribonucleotide biosynthesis II|g__Anaerostipes.s__Anaerostipes_hadrus	0.0013709865
PWY-6122: 5-aminoimidazole ribonucleotide biosynthesis II|g__Lachnospiraceae_noname.s__Lachnospiraceae_bacterium_5_1_63FAA	0.0001931995
PWY-6122: 5-aminoimidazole ribonucleotide biosynthesis II|g__Bifidobacterium.s__Bifidobacterium_longum	0.0972833069
PWY-6277: superpathway of 5-aminoimidazole ribonucleotide biosynthesis	1.0000000000
PWY-6277: superpathway of 5-aminoimidazole ribonucleotide biosynthesis|unclassified	0.0000000105
PWY-6277: superpathway of 5-aminoimidazole ribonucleotide biosynthesis|g__Sutterella.s__Sutterella_wadsworthensis	0.9999993410
PWY-6277: superpathway of 5-aminoimidazole ribonucleotide biosynthesis|g__Faecalibacterium.s__Faecalibacterium_prausnitzii	0.9988785131
PWY-6277: superpathway of 5-aminoimidazole ribonucleotide biosynthesis|g__Catenibacterium.s__Catenibacterium_mitsuokai	0.9940463124
PWY-6277: superpathway of 5-aminoimidazole ribonucleotide biosynthesis|g__Roseburia.s__Roseburia_intestinalis	0.9893637105
PWY-6277: superpathway of 5-aminoimidazole ribonucleotide biosynthesis|g__Dorea.s__Dorea_longicatena	0.8379908503
PWY-6277: superpathway of 5-aminoimidazole ribonucleotide biosynthesis|g__Phascolarctobacterium.s__Phascolarctobacterium_succinatutens	0.7773893624
PWY-6277: superpathway of 5-aminoimidazole ribonucleotide biosynthesis|g__Blautia.s__Ruminococcus_obeum	0.3707790205
PWY-6277: superpathway of 5-aminoimidazole ribonucleotide biosynthesis|g__Eubacterium.s__Eubacterium_ramulus	0.1061976980
PWY-6277: superpathway of 5-aminoimidazole ribonucleotide biosynthesis|g__Dorea.s__Dorea_formicigenerans	0.4485737901
PWY-6277: superpathway of 5-aminoimidazole ribonucleotide biosynthesis|g__Anaerostipes.s__Anaerostipes_hadrus	0.0013709865
PWY-6277: superpathway of 5-aminoimidazole ribonucleotide biosynthesis|g__Lachnospiraceae_noname.s__Lachnospiraceae_bacterium_5_1_63FAA	0.0001931995
PWY-6277: superpathway of 5-aminoimidazole ribonucleotide biosynthesis|g__Bifidobacterium.s__Bifidobacterium_longum	0.0972833069
PWY-6121: 5-aminoimidazole ribonucleotide biosynthesis I	1.0000000000
PWY-6121: 5-aminoimidazole ribonucleotide biosynthesis I|g__Sutterella.s__Sutterella_wadsworthensis	0.9999994728
PWY-6121: 5-aminoimidazole ribonucleotide biosynthesis I|unclassified	0.0000000000
PWY-6121: 5-aminoimidazole ribonucleotide biosynthesis I|g__Faecalibacterium.s__Faecalibacterium_prausnitzii	0.9991026092
PWY-6121: 5-aminoimidazole ribonucleotide biosynthesis I|g__Catenibacterium.s__Catenibacterium_mitsuokai	0.9952313717
PWY-6121: 5-aminoimidazole ribonucleotide biosynthesis I|g__Roseburia.s__Roseburia_intestinalis	0.9741186742
PWY-6121: 5-aminoimidazole ribonucleotide biosynthesis I|g__Dorea.s__Dorea_longicatena	0.8544127736
PWY-6121: 5-aminoimidazole ribonucleotide biosynthesis I|g__Phascolarctobacterium.s__Phascolarctobacterium_succinatutens	0.8117868452
PWY-6121: 5-aminoimidazole ribonucleotide biosynthesis I|g__Eubacterium.s__Eubacterium_ramulus	0.1293133883
PWY-6121: 5-aminoimidazole ribonucleotide biosynthesis I|g__Blautia.s__Ruminococcus_obeum	0.2323755554
PWY-6121: 5-aminoimidazole ribonucleotide biosynthesis I|g__Lachnospiraceae_noname.s__Lachnospiraceae_bacterium_5_1_63FAA	0.0002414843
PWY-6121: 5-aminoimidazole ribonucleotide biosynthesis I|g__Dorea.s__Dorea_formicigenerans	0.2353702431
PWY-6121: 5-aminoimidazole ribonucleotide biosynthesis I|g__Anaerostipes.s__Anaerostipes_hadrus	0.0004617985
PWY-6121: 5-aminoimidazole ribonucleotide biosynthesis I|g__Bifidobacterium.s__Bifidobacterium_longum	0.0627139426
NONMEVIPP-PWY: methylerythritol phosphate pathway I	0.9999998998
NONMEVIPP-PWY: methylerythritol phosphate pathway I|g__Roseburia.s__Roseburia_intestinalis	0.0000000000
NONMEVIPP-PWY: methylerythritol phosphate pathway I|g__Phascolarctobacterium.s__Phascolarctobacterium_succinatutens	0.0000087810
NONMEVIPP-PWY: methylerythritol phosphate pathway I|g__Catenibacterium.s__Catenibacterium_mitsuokai	0.0000000000
PWY-5100: pyruvate fermentation to acetate and lactate II	1.0000000000
PWY-5100: pyruvate fermentation to acetate and lactate II|g__Anaerostipes.s__Anaerostipes_hadrus	0.7774607530
PWY-5100: pyruvate fermentation to acetate and lactate II|g__Roseburia.s__Roseburia_intestinalis	0.0000000000
PWY-5100: pyruvate fermentation to acetate and lactate II|g__Lachnospiraceae_noname.s__Lachnospiraceae_bacterium_5_1_63FAA	0.0041758698
PWY-5100: pyruvate fermentation to acetate and lactate II|g__Blautia.s__Ruminococcus_torques	0.0017174011
NONOXIPENT-PWY: pentose phosphate pathway (non-oxidative branch)	1.0000000000
NONOXIPENT-PWY: pentose phosphate pathway (non-oxidative branch)|unclassified	0.0000000000
NONOXIPENT-PWY: pentose phosphate pathway (non-oxidative branch)|g__Faecalibacterium.s__Faecalibacterium_prausnitzii	0.9931543088
NONOXIPENT-PWY: pentose phosphate pathway (non-oxidative branch)|g__Roseburia.s__Roseburia_intestinalis	0.9999984352
NONOXIPENT-PWY: pentose phosphate pathway (non-oxidative branch)|g__Lachnospiraceae_noname.s__Lachnospiraceae_bacterium_5_1_63FAA	0.9673531582
NONOXIPENT-PWY: pentose phosphate pathway (non-oxidative branch)|g__Anaerostipes.s__Anaerostipes_hadrus	0.9562504601
NONOXIPENT-PWY: pentose phosphate pathway (non-oxidative branch)|g__Phascolarctobacterium.s__Phascolarctobacterium_succinatutens	0.2042350323
NONOXIPENT-PWY: pentose phosphate pathway (non-oxidative branch)|g__Blautia.s__Ruminococcus_obeum	0.0007982113
ILEUSYN-PWY: L-isoleucine biosynthesis I (from threonine)	1.0000000000
ILEUSYN-PWY: L-isoleucine biosynthesis I (from threonine)|unclassified	0.0000000099
ILEUSYN-PWY: L-isoleucine biosynthesis I (from threonine)|g__Faecalibacterium.s__Faecalibacterium_prausnitzii	0.9998004842
ILEUSYN-PWY: L-isoleucine biosynthesis I (from threonine)|g__Blautia.s__Ruminococcus_obeum	0.9996222757
PWY-7111: pyruvate fermentation to isobutanol (engineered)	1.0000000000
PWY-7111: pyruvate fermentation to isobutanol (engineered)|g__Faecalibacterium.s__Faecalibacterium_prausnitzii	0.9814932151
PWY-7111: pyruvate fermentation to isobutanol (engineered)|unclassified	0.0000000000
PWY-7111: pyruvate fermentation to isobutanol (engineered)|g__Eubacterium.s__Eubacterium_ramulus	0.9999816033
PWY-7111: pyruvate fermentation to isobutanol (engineered)|g__Blautia.s__Ruminococcus_obeum	0.9449053831
PWY-7111: pyruvate fermentation to isobutanol (engineered)|g__Dorea.s__Dorea_longicatena	0.3926140466
PWY-7111: pyruvate fermentation to isobutanol (engineered)|g__Catenibacterium.s__Catenibacterium_mitsuokai	0.0003081223
PWY-7111: pyruvate fermentation to isobutanol (engineered)|g__Eubacterium.s__Eubacterium_rectale	0.9353515607
PWY-7111: pyruvate fermentation to isobutanol (engineered)|g__Eubacterium.s__Eubacterium_hallii	0.9250247908
PWY-7111: pyruvate fermentation to isobutanol (engineered)|g__Phascolarctobacterium.s__Phascolarctobacterium_succinatutens	0.0000224923
PWY-7111: pyruvate fermentation to isobutanol (engineered)|g__Dorea.s__Dorea_formicigenerans	0.0286705688
PWY-7111: pyruvate fermentation to isobutanol (engineered)|g__Enterobacter.s__Enterobacter_aerogenes	0.0399244156
PWY-7111: pyruvate fermentation to isobutanol (engineered)|g__Bacteroides.s__Bacteroides_vulgatus	0.0000000000
VALSYN-PWY: L-valine biosynthesis	1.0000000000
VALSYN-PWY: L-valine biosynthesis|unclassified	0.0000000099
VALSYN-PWY: L-valine biosynthesis|g__Faecalibacterium.s__Faecalibacterium_prausnitzii	0.9998004842
VALSYN-PWY: L-valine biosynthesis|g__Eubacterium.s__Eubacterium_ramulus	0.9999816033
VALSYN-PWY: L-valine biosynthesis|g__Blautia.s__Ruminococcus_obeum	0.9996222757
VALSYN-PWY: L-valine biosynthesis|g__Catenibacterium.s__Catenibacterium_mitsuokai	0.0003081223
VALSYN-PWY: L-valine biosynthesis|g__Lachnospiraceae_noname.s__Lachnospiraceae_bacterium_5_1_63FAA	0.8684223212
VALSYN-PWY: L-valine biosynthesis|g__Anaerostipes.s__Anaerostipes_hadrus	0.6322868237
VALSYN-PWY: L-valine biosynthesis|g__Dorea.s__Dorea_longicatena	0.2267551195
VALSYN-PWY: L-valine biosynthesis|g__Eubacterium.s__Eubacterium_rectale	0.9353515607
VALSYN-PWY: L-valine biosynthesis|g__Eubacterium.s__Eubacterium_hallii	0.9250247908
VALSYN-PWY: L-valine biosynthesis|g__Phascolarctobacterium.s__Phascolarctobacterium_succinatutens	0.0000224923
VALSYN-PWY: L-valine biosynthesis|g__Roseburia.s__Roseburia_intestinalis	0.0000000000
VALSYN-PWY: L-valine biosynthesis|g__Dorea.s__Dorea_formicigenerans	0.0286705688
VALSYN-PWY: L-valine biosynthesis|g__Bacteroides.s__Bacteroides_vulgatus	0.0000000000
VALSYN-PWY: L-valine biosynthesis|g__Bifidobacterium.s__Bifidobacterium_longum	0.0012272519
PWY-6700: queuosine biosynthesis	1.0000000000
PWY-6700: queuosine biosynthesis|g__Prevotella.s__Prevotella_copri	0.0000000000
PWY-6700: queuosine biosynthesis|unclassified	0.0925132361
PWY-6700: queuosine biosynthesis|g__Sutterella.s__Sutterella_wadsworthensis	0.0000000019
PWY-6700: queuosine biosynthesis|g__Phascolarctobacterium.s__Phascolarctobacterium_succinatutens	0.0000000313
PWY-6700: queuosine biosynthesis|g__Anaerostipes.s__Anaerostipes_hadrus	0.0000000002
PWY-5097: L-lysine biosynthesis VI	0.9465510545
PWY-5097: L-lysine biosynthesis VI|g__Prevotella.s__Prevotella_copri	0.0000000000
PWY-5097: L-lysine biosynthesis VI|g__Faecalibacterium.s__Faecalibacterium_prausnitzii	0.1333025650
PWY-5097: L-lysine biosynthesis VI|g__Catenibacterium.s__Catenibacterium_mitsuokai	0.1657377106
PWY-5097: L-lysine biosynthesis VI|unclassified	0.0000000000
PWY-5097: L-lysine biosynthesis VI|g__Sutterella.s__Sutterella_wadsworthensis	0.0000000000
PWY-5097: L-lysine biosynthesis VI|g__Phascolarctobacterium.s__Phascolarctobacterium_succinatutens	0.1284684676
PWY-5097: L-lysine biosynthesis VI|g__Anaerostipes.s__Anaerostipes_hadrus	0.0700782476
PWY-5097: L-lysine biosynthesis VI|g__Blautia.s__Ruminococcus_obeum	0.0984779219
PWY-5097: L-lysine biosynthesis VI|g__Lachnospiraceae_noname.s__Lachnospiraceae_bacterium_5_1_63FAA	0.0023262075
PWY-5097: L-lysine biosynthesis VI|g__Roseburia.s__Roseburia_intestinalis	0.0000000000
PEPTIDOGLYCANSYN-PWY: peptidoglycan biosynthesis I (meso-diaminopimelate containing)	0.9981100758
PEPTIDOGLYCANSYN-PWY: peptidoglycan biosynthesis I (meso-diaminopimelate containing)|g__Sutterella.s__Sutterella_wadsworthensis	0.0000000625
PEPTIDOGLYCANSYN-PWY: peptidoglycan biosynthesis I (meso-diaminopimelate containing)|g__Faecalibacterium.s__Faecalibacterium_prausnitzii	0.0903319760
PEPTIDOGLYCANSYN-PWY: peptidoglycan biosynthesis I (meso-diaminopimelate containing)|g__Phascolarctobacterium.s__Phascolarctobacterium_succinatutens	0.0000350618
PEPTIDOGLYCANSYN-PWY: peptidoglycan biosynthesis I (meso-diaminopimelate containing)|g__Bacteroides.s__Bacteroides_fragilis	0.0000000000
PWY-6151: S-adenosyl-L-methionine cycle I	0.9974225137
PWY-6151: S-adenosyl-L-methionine cycle I|g__Prevotella.s__Prevotella_copri	0.0000000000
PWY-6151: S-adenosyl-L-methionine cycle I|unclassified	0.0000000000
PWY-6151: S-adenosyl-L-methionine cycle I|g__Faecalibacterium.s__Faecalibacterium_prausnitzii	0.0036817092
PWY-6151: S-adenosyl-L-methionine cycle I|g__Catenibacterium.s__Catenibacterium_mitsuokai	0.0007623658
PWY-7229: superpathway of adenosine nucleotides de novo biosynthesis I	0.0000000000
PWY-7229: superpathway of adenosine nucleotides de novo biosynthesis I|unclassified	0.0000000000
PWY-7229: superpathway of adenosine nucleotides de novo biosynthesis I|g__Sutterella.s__Sutterella_wadsworthensis	0.9797732949
PWY-6387: UDP-N-acetylmuramoyl-pentapeptide biosynthesis I (meso-diaminopimelate containing)	0.9976387104
PWY-6387: UDP-N-acetylmuramoyl-pentapeptide biosynthesis I (meso-diaminopimelate containing)|g__Sutterella.s__Sutterella_wadsworthensis	0.0000000500
PWY-6387: UDP-N-acetylmuramoyl-pentapeptide biosynthesis I (meso-diaminopimelate containing)|g__Faecalibacterium.s__Faecalibacterium_prausnitzii	0.2774039297
PWY-6387: UDP-N-acetylmuramoyl-pentapeptide biosynthesis I (meso-diaminopimelate containing)|g__Eubacterium.s__Eubacterium_ramulus	0.0006623060
PWY-6387: UDP-N-acetylmuramoyl-pentapeptide biosynthesis I (meso-diaminopimelate containing)|g__Phascolarctobacterium.s__Phascolarctobacterium_succinatutens	0.0000282689
PWY-6387: UDP-N-acetylmuramoyl-pentapeptide biosynthesis I (meso-diaminopimelate containing)|g__Bacteroides.s__Bacteroides_fragilis	0.0000000000
PWY-6386: UDP-N-acetylmuramoyl-pentapeptide biosynthesis II (lysine-containing)	0.9979615496
PWY-6386: UDP-N-acetylmuramoyl-pentapeptide biosynthesis II (lysine-containing)|g__Sutterella.s__Sutterella_wadsworthensis	0.0000000600
PWY-6386: UDP-N-acetylmuramoyl-pentapeptide biosynthesis II (lysine-containing)|g__Faecalibacterium.s__Faecalibacterium_prausnitzii	0.0979860095
PWY-6386: UDP-N-acetylmuramoyl-pentapeptide biosynthesis II (lysine-containing)|g__Eubacterium.s__Eubacterium_ramulus	0.0007954260
PWY-6386: UDP-N-acetylmuramoyl-pentapeptide biosynthesis II (lysine-containing)|g__Phascolarctobacterium.s__Phascolarctobacterium_succinatutens	0.0000189063
PWY-6386: UDP-N-acetylmuramoyl-pentapeptide biosynthesis II (lysine-containing)|g__Bacteroides.s__Bacteroides_fragilis	0.0000000000
PWY-5973: cis-vaccenate biosynthesis	0.0000142943
PWY-5973: cis-vaccenate biosynthesis|unclassified	0.0000000000
PWY-7197: pyrimidine deoxyribonucleotide phosphorylation	1.0000000000
PWY-7197: pyrimidine deoxyribonucleotide phosphorylation|unclassified	0.0000000000
PWY-7197: pyrimidine deoxyribonucleotide phosphorylation|g__Sutterella.s__Sutterella_wadsworthensis	0.0023098709
PWY-7197: pyrimidine deoxyribonucleotide phosphorylation|g__Phascolarctobacterium.s__Phascolarctobacterium_succinatutens	0.0004014357
GLYCOLYSIS: glycolysis I (from glucose 6-phosphate)	0.0000000000
GLYCOLYSIS: glycolysis I (from glucose 6-phosphate)|unclassified	0.0000000000
PWY-5484: glycolysis II (from fructose 6-phosphate)	0.0000000000
PWY-5484: glycolysis II (from fructose 6-phosphate)|unclassified	0.0000000000
PWY-6507: 4-deoxy-L-threo-hex-4-enopyranuronate degradation	0.9924078293
PWY-6507: 4-deoxy-L-threo-hex-4-enopyranuronate degradation|g__Faecalibacterium.s__Faecalibacterium_prausnitzii	1.0000000000
GALACTUROCAT-PWY: D-galacturonate degradation I	0.6696273957
GALACTUROCAT-PWY: D-galacturonate degradation I|g__Faecalibacterium.s__Faecalibacterium_prausnitzii	1.0000000000
BRANCHED-CHAIN-AA-SYN-PWY: superpathway of branched amino acid biosynthesis	0.0000268744
BRANCHED-CHAIN-AA-SYN-PWY: superpathway of branched amino acid biosynthesis|g__Faecalibacterium.s__Faecalibacterium_prausnitzii	0.9887936045
BRANCHED-CHAIN-AA-SYN-PWY: superpathway of branched amino acid biosynthesis|unclassified	0.0000000000
BRANCHED-CHAIN-AA-SYN-PWY: superpathway of branched amino acid biosynthesis|g__Blautia.s__Ruminococcus_obeum	0.9659980637
PWY-5103: L-isoleucine biosynthesis III	0.0000201581
PWY-5103: L-isoleucine biosynthesis III|g__Faecalibacterium.s__Faecalibacterium_prausnitzii	0.9851395683
PWY-5103: L-isoleucine biosynthesis III|unclassified	0.0000000000
PWY-5103: L-isoleucine biosynthesis III|g__Blautia.s__Ruminococcus_obeum	0.9553063799
PWY-7663: gondoate biosynthesis (anaerobic)	0.0000114355
PWY-7663: gondoate biosynthesis (anaerobic)|unclassified	0.0000000000
PWY-7663: gondoate biosynthesis (anaerobic)|g__Bacteroides.s__Bacteroides_fragilis	0.2042978392
PWY-841: superpathway of purine nucleotides de novo biosynthesis I	0.0000000000
PWY-841: superpathway of purine nucleotides de novo biosynthesis I|unclassified	0.0000000000
PWY-6123: inosine-5'-phosphate biosynthesis I	0.0000000000
PWY-6123: inosine-5'-phosphate biosynthesis I|g__Faecalibacterium.s__Faecalibacterium_prausnitzii	1.0000000000
PWY-6123: inosine-5'-phosphate biosynthesis I|unclassified	0.0000000000
PWY-6123: inosine-5'-phosphate biosynthesis I|g__Lachnospiraceae_noname.s__Lachnospiraceae_bacterium_5_1_63FAA	0.8245077522
PWY-6123: inosine-5'-phosphate biosynthesis I|g__Bacteroides.s__Bacteroides_fragilis	0.0000000000
GLYCOGENSYNTH-PWY: glycogen biosynthesis I (from ADP-D-Glucose)	0.0000000000
GLYCOGENSYNTH-PWY: glycogen biosynthesis I (from ADP-D-Glucose)|unclassified	0.0000000000
GLYCOGENSYNTH-PWY: glycogen biosynthesis I (from ADP-D-Glucose)|g__Roseburia.s__Roseburia_intestinalis	0.9949971042
GLYCOGENSYNTH-PWY: glycogen biosynthesis I (from ADP-D-Glucose)|g__Anaerostipes.s__Anaerostipes_hadrus	0.9990065972
GLYCOGENSYNTH-PWY: glycogen biosynthesis I (from ADP-D-Glucose)|g__Lachnospiraceae_noname.s__Lachnospiraceae_bacterium_5_1_63FAA	0.9771694875
GLYCOGENSYNTH-PWY: glycogen biosynthesis I (from ADP-D-Glucose)|g__Eubacterium.s__Eubacterium_rectale	0.0000001116
GLYCOGENSYNTH-PWY: glycogen biosynthesis I (from ADP-D-Glucose)|g__Blautia.s__Ruminococcus_obeum	0.0000000000
COA-PWY-1: coenzyme A biosynthesis II (mammalian)	0.0000000099
COA-PWY-1: coenzyme A biosynthesis II (mammalian)|g__Faecalibacterium.s__Faecalibacterium_prausnitzii	0.6623640329
COA-PWY-1: coenzyme A biosynthesis II (mammalian)|g__Roseburia.s__Roseburia_intestinalis	0.0001266455
COA-PWY-1: coenzyme A biosynthesis II (mammalian)|g__Phascolarctobacterium.s__Phascolarctobacterium_succinatutens	0.4814081586
COA-PWY-1: coenzyme A biosynthesis II (mammalian)|g__Catenibacterium.s__Catenibacterium_mitsuokai	0.0000000000
COA-PWY-1: coenzyme A biosynthesis II (mammalian)|g__Sutterella.s__Sutterella_wadsworthensis	0.0000000000
COA-PWY-1: coenzyme A biosynthesis II (mammalian)|g__Blautia.s__Ruminococcus_obeum	0.0029228601
COA-PWY-1: coenzyme A biosynthesis II (mammalian)|g__Dorea.s__Dorea_longicatena	0.0000370914
PWY-6126: superpathway of adenosine nucleotides de novo biosynthesis II	0.0000000000
PWY-6126: superpathway of adenosine nucleotides de novo biosynthesis II|g__Sutterella.s__Sutterella_wadsworthensis	0.9826123143
PWY-6126: superpathway of adenosine nucleotides de novo biosynthesis II|unclassified	0.0000000000
PWY-6124: inosine-5'-phosphate biosynthesis II	0.0000000000
PWY-6124: inosine-5'-phosphate biosynthesis II|g__Faecalibacterium.s__Faecalibacterium_prausnitzii	1.0000000000
PWY-6124: inosine-5'-phosphate biosynthesis II|unclassified	0.0000000000
PWY-6124: inosine-5'-phosphate biosynthesis II|g__Lachnospiraceae_noname.s__Lachnospiraceae_bacterium_5_1_63FAA	0.8377293136
PWY-6124: inosine-5'-phosphate biosynthesis II|g__Bacteroides.s__Bacteroides_fragilis	0.0000000000
PWY-6124: inosine-5'-phosphate biosynthesis II|g__Bacteroides.s__Bacteroides_xylanisolvens	0.2329096843
PWY-7242: D-fructuronate degradation	0.0798282477
PWY-7242: D-fructuronate degradation|g__Faecalibacterium.s__Faecalibacterium_prausnitzii	1.0000000000
PANTO-PWY: phosphopantothenate biosynthesis I	0.0000000099
PANTO-PWY: phosphopantothenate biosynthesis I|unclassified	0.0000000000
PANTO-PWY: phosphopantothenate biosynthesis I|g__Roseburia.s__Roseburia_intestinalis	0.0003864146
PANTO-PWY: phosphopantothenate biosynthesis I|g__Phascolarctobacterium.s__Phascolarctobacterium_succinatutens	0.0910405305
PANTO-PWY: phosphopantothenate biosynthesis I|g__Anaerostipes.s__Anaerostipes_hadrus	0.5142720353
PANTO-PWY: phosphopantothenate biosynthesis I|g__Bacteroides.s__Bacteroides_fragilis	0.0178361850
PANTO-PWY: phosphopantothenate biosynthesis I|g__Eubacterium.s__Eubacterium_ramulus	0.0009355074
PANTO-PWY: phosphopantothenate biosynthesis I|g__Bacteroides.s__Bacteroides_vulgatus	0.0070709742
PANTO-PWY: phosphopantothenate biosynthesis I|g__Bacteroides.s__Bacteroides_ovatus	0.9274759841
PANTO-PWY: phosphopantothenate biosynthesis I|g__Lachnospiraceae_noname.s__Lachnospiraceae_bacterium_5_1_63FAA	0.0000002252
PANTO-PWY: phosphopantothenate biosynthesis I|g__Blautia.s__Ruminococcus_torques	0.0564718955
PANTO-PWY: phosphopantothenate biosynthesis I|g__Eubacterium.s__Eubacterium_hallii	0.0024537616
GLCMANNANAUT-PWY: superpathway of N-acetylglucosamine, N-acetylmannosamine and N-acetylneuraminate degradation	0.0000000000
GLCMANNANAUT-PWY: superpathway of N-acetylglucosamine, N-acetylmannosamine and N-acetylneuraminate degradation|g__Faecalibacterium.s__Faecalibacterium_prausnitzii	1.0000000000
GLCMANNANAUT-PWY: superpathway of N-acetylglucosamine, N-acetylmannosamine and N-acetylneuraminate degradation|unclassified	0.0000000000
GLCMANNANAUT-PWY: superpathway of N-acetylglucosamine, N-acetylmannosamine and N-acetylneuraminate degradation|g__Dorea.s__Dorea_longicatena	0.0003145836
GLCMANNANAUT-PWY: superpathway of N-acetylglucosamine, N-acetylmannosamine and N-acetylneuraminate degradation|g__Blautia.s__Ruminococcus_torques	0.7941443222
PWY-5695: urate biosynthesis/inosine 5'-phosphate degradation	0.0000000000
PWY-5695: urate biosynthesis/inosine 5'-phosphate degradation|unclassified	0.0000000000
PWY-5695: urate biosynthesis/inosine 5'-phosphate degradation|g__Roseburia.s__Roseburia_intestinalis	0.1090028762
PWY-5695: urate biosynthesis/inosine 5'-phosphate degradation|g__Faecalibacterium.s__Faecalibacterium_prausnitzii	0.0000000000
CALVIN-PWY: Calvin-Benson-Bassham cycle	0.0000000000
CALVIN-PWY: Calvin-Benson-Bassham cycle|unclassified	0.0000000000
CALVIN-PWY: Calvin-Benson-Bassham cycle|g__Faecalibacterium.s__Faecalibacterium_prausnitzii	0.0000000000
PWY-5667: CDP-diacylglycerol biosynthesis I	0.0000000000
PWY-5667: CDP-diacylglycerol biosynthesis I|g__Faecalibacterium.s__Faecalibacterium_prausnitzii	0.0010526653
PWY-5667: CDP-diacylglycerol biosynthesis I|g__Lachnospiraceae_noname.s__Lachnospiraceae_bacterium_5_1_63FAA	0.0041851308
PWY-5667: CDP-diacylglycerol biosynthesis I|g__Anaerostipes.s__Anaerostipes_hadrus	0.0005831487
PWY-5667: CDP-diacylglycerol biosynthesis I|g__Dorea.s__Dorea_longicatena	0.0000000095
PWY0-1319: CDP-diacylglycerol biosynthesis II	0.0000000000
PWY0-1319: CDP-diacylglycerol biosynthesis II|g__Faecalibacterium.s__Faecalibacterium_prausnitzii	0.0010526653
PWY0-1319: CDP-diacylglycerol biosynthesis II|g__Lachnospiraceae_noname.s__Lachnospiraceae_bacterium_5_1_63FAA	0.0041851308
PWY0-1319: CDP-diacylglycerol biosynthesis II|g__Anaerostipes.s__Anaerostipes_hadrus	0.0005831487
PWY0-1319: CDP-diacylglycerol biosynthesis II|g__Dorea.s__Dorea_longicatena	0.0000000095
PWY-6125: superpathway of guanosine nucleotides de novo biosynthesis II	0.0000000000
PWY-6125: superpathway of guanosine nucleotides de novo biosynthesis II|unclassified	0.0000000000
PWY-6125: superpathway of guanosine nucleotides de novo biosynthesis II|g__Sutterella.s__Sutterella_wadsworthensis	0.0000000000
ANAEROFRUCAT-PWY: homolactic fermentation	0.0000000000
PWY-621: sucrose degradation III (sucrose invertase)	0.0000000000
PWY-621: sucrose degradation III (sucrose invertase)|g__Faecalibacterium.s__Faecalibacterium_prausnitzii	1.0000000000
PWY-621: sucrose degradation III (sucrose invertase)|g__Blautia.s__Ruminococcus_obeum	0.1455549235
PWY-621: sucrose degradation III (sucrose invertase)|g__Eubacterium.s__Eubacterium_rectale	0.9240338086
PWY-621: sucrose degradation III (sucrose invertase)|g__Lachnospiraceae_noname.s__Lachnospiraceae_bacterium_5_1_63FAA	0.0000009387
PWY-6270: isoprene biosynthesis I	0.0000000000
SER-GLYSYN-PWY: superpathway of L-serine and glycine biosynthesis I	0.0000000000
SER-GLYSYN-PWY: superpathway of L-serine and glycine biosynthesis I|unclassified	0.0000000000
SER-GLYSYN-PWY: superpathway of L-serine and glycine biosynthesis I|g__Roseburia.s__Roseburia_intestinalis	0.8318152025
SER-GLYSYN-PWY: superpathway of L-serine and glycine biosynthesis I|g__Anaerostipes.s__Anaerostipes_hadrus	0.5279432360
SER-GLYSYN-PWY: superpathway of L-serine and glycine biosynthesis I|g__Lachnospiraceae_noname.s__Lachnospiraceae_bacterium_5_1_63FAA	0.1769436176
SER-GLYSYN-PWY: superpathway of L-serine and glycine biosynthesis I|g__Faecalibacterium.s__Faecalibacterium_prausnitzii	0.0000000000
SER-GLYSYN-PWY: superpathway of L-serine and glycine biosynthesis I|g__Phascolarctobacterium.s__Phascolarctobacterium_succinatutens	0.0000000000
PWY-724: superpathway of L-lysine, L-threonine and L-methionine biosynthesis II	0.0000000000
PWY-724: superpathway of L-lysine, L-threonine and L-methionine biosynthesis II|g__Faecalibacterium.s__Faecalibacterium_prausnitzii	0.0000158068
PWY-724: superpathway of L-lysine, L-threonine and L-methionine biosynthesis II|g__Phascolarctobacterium.s__Phascolarctobacterium_succinatutens	0.0000000000
PWY-7196: superpathway of pyrimidine ribonucleosides salvage	0.0000000000
PWY-7560: methylerythritol phosphate pathway II	0.0000000000
PWY-6545: pyrimidine deoxyribonucleotides de novo biosynthesis III	0.0000000000
GALACT-GLUCUROCAT-PWY: superpathway of hexuronide and hexuronate degradation	0.0000000000
GALACT-GLUCUROCAT-PWY: superpathway of hexuronide and hexuronate degradation|g__Faecalibacterium.s__Faecalibacterium_prausnitzii	1.0000000000
DTDPRHAMSYN-PWY: dTDP-L-rhamnose biosynthesis I	0.0000000000
DTDPRHAMSYN-PWY: dTDP-L-rhamnose biosynthesis I|g__Faecalibacterium.s__Faecalibacterium_prausnitzii	1.0000000000
DTDPRHAMSYN-PWY: dTDP-L-rhamnose biosynthesis I|unclassified	0.0000000000
DTDPRHAMSYN-PWY: dTDP-L-rhamnose biosynthesis I|g__Blautia.s__Ruminococcus_obeum	0.1206621826
DTDPRHAMSYN-PWY: dTDP-L-rhamnose biosynthesis I|g__Lachnospiraceae_noname.s__Lachnospiraceae_bacterium_5_1_63FAA	0.0149289942
DTDPRHAMSYN-PWY: dTDP-L-rhamnose biosynthesis I|g__Eubacterium.s__Eubacterium_rectale	0.0204329431
DTDPRHAMSYN-PWY: dTDP-L-rhamnose biosynthesis I|g__Roseburia.s__Roseburia_intestinalis	0.0000000000
DTDPRHAMSYN-PWY: dTDP-L-rhamnose biosynthesis I|g__Anaerostipes.s__Anaerostipes_hadrus	0.0000000000
PWY-6385: peptidoglycan biosynthesis III (mycobacteria)	0.0000000000
PWY-6385: peptidoglycan biosynthesis III (mycobacteria)|g__Faecalibacterium.s__Faecalibacterium_prausnitzii	0.0903319760
PWY-6385: peptidoglycan biosynthesis III (mycobacteria)|g__Phascolarctobacterium.s__Phascolarctobacterium_succinatutens	0.0000118565
PWY0-162: superpathway of pyrimidine ribonucleotides de novo biosynthesis	0.0000000000
PWY0-162: superpathway of pyrimidine ribonucleotides de novo biosynthesis|unclassified	0.0000000000
GLUCUROCAT-PWY: superpathway of &beta;-D-glucuronide and D-glucuronate degradation	0.0000000000
GLUCUROCAT-PWY: superpathway of &beta;-D-glucuronide and D-glucuronate degradation|g__Faecalibacterium.s__Faecalibacterium_prausnitzii	1.0000000000
PWY4FS-7: phosphatidylglycerol biosynthesis I (plastidic)	0.0000000000
PWY4FS-8: phosphatidylglycerol biosynthesis II (non-plastidic)	0.0000000000
PWY-6609: adenine and adenosine salvage III	0.0000000000
PWY-6609: adenine and adenosine salvage III|g__Faecalibacterium.s__Faecalibacterium_prausnitzii	0.9998613979
PWY-6609: adenine and adenosine salvage III|unclassified	0.0000000000
PWY-6527: stachyose degradation	0.0000000000
PWY-6527: stachyose degradation|g__Roseburia.s__Roseburia_intestinalis	0.1733728953
PWY0-166: superpathway of pyrimidine deoxyribonucleotides de novo biosynthesis (E. coli)	0.0000000000
PWY0-166: superpathway of pyrimidine deoxyribonucleotides de novo biosynthesis (E. coli)|g__Sutterella.s__Sutterella_wadsworthensis	0.0000000000
GLUCONEO-PWY: gluconeogenesis I	0.0000000000
GLUCONEO-PWY: gluconeogenesis I|unclassified	0.0000000000
DENOVOPURINE2-PWY: superpathway of purine nucleotides de novo biosynthesis II	0.0000000000
DENOVOPURINE2-PWY: superpathway of purine nucleotides de novo biosynthesis II|unclassified	0.0000000000
PWY-3001: superpathway of L-isoleucine biosynthesis I	0.0000000000
PWY-3001: superpathway of L-isoleucine biosynthesis I|g__Faecalibacterium.s__Faecalibacterium_prausnitzii	0.0000158075
ARO-PWY: chorismate biosynthesis I	0.0000000000
ARO-PWY: chorismate biosynthesis I|g__Roseburia.s__Roseburia_intestinalis	0.0000000000
ARO-PWY: chorismate biosynthesis I|g__Phascolarctobacterium.s__Phascolarctobacterium_succinatutens	0.0000002092
ARO-PWY: chorismate biosynthesis I|g__Catenibacterium.s__Catenibacterium_mitsuokai	0.0000000000
ARO-PWY: chorismate biosynthesis I|g__Blautia.s__Ruminococcus_obeum	0.0000000287
PWY-6897: thiamin salvage II	0.0000000000
PWY-6163: chorismate biosynthesis from 3-dehydroquinate	0.0000000000
PWY-6163: chorismate biosynthesis from 3-dehydroquinate|g__Roseburia.s__Roseburia_intestinalis	0.0000000000
PWY-6163: chorismate biosynthesis from 3-dehydroquinate|g__Phascolarctobacterium.s__Phascolarctobacterium_succinatutens	0.0000001494
PWY-6163: chorismate biosynthesis from 3-dehydroquinate|g__Catenibacterium.s__Catenibacterium_mitsuokai	0.0000000000
PWY-6163: chorismate biosynthesis from 3-dehydroquinate|g__Blautia.s__Ruminococcus_obeum	0.0000021408
PWY-6163: chorismate biosynthesis from 3-dehydroquinate|g__Dorea.s__Dorea_longicatena	0.0000000000
PWY-7184: pyrimidine deoxyribonucleotides de novo biosynthesis I	0.0000000000
PWY-7184: pyrimidine deoxyribonucleotides de novo biosynthesis I|g__Sutterella.s__Sutterella_wadsworthensis	0.0000000000
PWY-7211: superpathway of pyrimidine deoxyribonucleotides de novo biosynthesis	0.0000000000
PWY0-1296: purine ribonucleosides degradation	0.0000000000
PWY0-1296: purine ribonucleosides degradation|g__Faecalibacterium.s__Faecalibacterium_prausnitzii	0.0009910523
PWY0-1296: purine ribonucleosides degradation|g__Catenibacterium.s__Catenibacterium_mitsuokai	0.0481821934
PWY0-1296: purine ribonucleosides degradation|unclassified	0.0000000000
PWY0-1296: purine ribonucleosides degradation|g__Roseburia.s__Roseburia_intestinalis	0.0000245374
PWY0-1296: purine ribonucleosides degradation|g__Dorea.s__Dorea_formicigenerans	0.8435116850
PWY0-1296: purine ribonucleosides degradation|g__Blautia.s__Ruminococcus_obeum	0.0001765307
PWY0-1296: purine ribonucleosides degradation|g__Dorea.s__Dorea_longicatena	0.0000001941
PWY0-1296: purine ribonucleosides degradation|g__Enterobacter.s__Enterobacter_aerogenes	0.0837273436
PWY-7220: adenosine deoxyribonucleotides de novo biosynthesis II	0.0000000000
PWY-7220: adenosine deoxyribonucleotides de novo biosynthesis II|g__Sutterella.s__Sutterella_wadsworthensis	0.9999987027
PWY-7220: adenosine deoxyribonucleotides de novo biosynthesis II|unclassified	0.0000000000
PWY-7222: guanosine deoxyribonucleotides de novo biosynthesis II	0.0000000000
PWY-7222: guanosine deoxyribonucleotides de novo biosynthesis II|g__Sutterella.s__Sutterella_wadsworthensis	0.9999987027
PWY-7222: guanosine deoxyribonucleotides de novo biosynthesis II|unclassified	0.0000000000
COMPLETE-ARO-PWY: superpathway of aromatic amino acid biosynthesis	0.0000000000
COMPLETE-ARO-PWY: superpathway of aromatic amino acid biosynthesis|g__Roseburia.s__Roseburia_intestinalis	0.0000000000
COMPLETE-ARO-PWY: superpathway of aromatic amino acid biosynthesis|g__Blautia.s__Ruminococcus_obeum	0.0000000327
PWY-7357: thiamin formation from pyrithiamine and oxythiamine (yeast)	0.0000000000
PWY-7357: thiamin formation from pyrithiamine and oxythiamine (yeast)|g__Faecalibacterium.s__Faecalibacterium_prausnitzii	0.0000092008
HEXITOLDEGSUPER-PWY: superpathway of hexitol degradation (bacteria)	0.0000000000
PHOSLIPSYN-PWY: superpathway of phospholipid biosynthesis I (bacteria)	0.0000000000
PWY-2941: L-lysine biosynthesis II	0.0000000000
PWY-2941: L-lysine biosynthesis II|g__Catenibacterium.s__Catenibacterium_mitsuokai	0.1234395911
PWY-2941: L-lysine biosynthesis II|g__Sutterella.s__Sutterella_wadsworthensis	0.0000000000
PYRIDNUCSYN-PWY: NAD biosynthesis I (from aspartate)	0.0000000000
PYRIDNUCSYN-PWY: NAD biosynthesis I (from aspartate)|unclassified	0.0000000000
PYRIDNUCSYN-PWY: NAD biosynthesis I (from aspartate)|g__Roseburia.s__Roseburia_intestinalis	0.0000000000
PYRIDNUCSYN-PWY: NAD biosynthesis I (from aspartate)|g__Anaerostipes.s__Anaerostipes_hadrus	0.0000630562
PYRIDNUCSYN-PWY: NAD biosynthesis I (from aspartate)|g__Lachnospiraceae_noname.s__Lachnospiraceae_bacterium_5_1_63FAA	0.0000002767
OANTIGEN-PWY: O-antigen building blocks biosynthesis (E. coli)	0.0000000000
THRESYN-PWY: superpathway of L-threonine biosynthesis	0.0000000000
THRESYN-PWY: superpathway of L-threonine biosynthesis|g__Faecalibacterium.s__Faecalibacterium_prausnitzii	0.0000094845
THRESYN-PWY: superpathway of L-threonine biosynthesis|g__Anaerostipes.s__Anaerostipes_hadrus	0.0002069895
THRESYN-PWY: superpathway of L-threonine biosynthesis|g__Phascolarctobacterium.s__Phascolarctobacterium_succinatutens	0.0000000000
THRESYN-PWY: superpathway of L-threonine biosynthesis|g__Lachnospiraceae_noname.s__Lachnospiraceae_bacterium_5_1_63FAA	0.0000005714
PWY-6168: flavin biosynthesis III (fungi)	0.0000000000
PWY-5384: sucrose degradation IV (sucrose phosphorylase)	0.0000000000
PWY-5384: sucrose degradation IV (sucrose phosphorylase)|g__Roseburia.s__Roseburia_intestinalis	1.0000000000
PWY-7187: pyrimidine deoxyribonucleotides de novo biosynthesis II	0.0000000000
PWY-3841: folate transformations II	0.0000000000
PWY-3841: folate transformations II|g__Bacteroides.s__Bacteroides_fragilis	0.0000000000
PRPP-PWY: superpathway of histidine, purine, and pyrimidine biosynthesis	0.0000000000
PWY-5659: GDP-mannose biosynthesis	0.0000000000
PWY-5659: GDP-mannose biosynthesis|g__Roseburia.s__Roseburia_intestinalis	0.9954627678
PWY-5659: GDP-mannose biosynthesis|g__Faecalibacterium.s__Faecalibacterium_prausnitzii	0.0000000000
PWY-5659: GDP-mannose biosynthesis|g__Lachnospiraceae_noname.s__Lachnospiraceae_bacterium_5_1_63FAA	0.0000013478
PWY-5659: GDP-mannose biosynthesis|g__Anaerostipes.s__Anaerostipes_hadrus	0.0000000000
PWY-7234: inosine-5'-phosphate biosynthesis III	0.0000000000
P441-PWY: superpathway of N-acetylneuraminate degradation	0.0000000000
UDPNAGSYN-PWY: UDP-N-acetyl-D-glucosamine biosynthesis I	0.0000000000
PANTOSYN-PWY: pantothenate and coenzyme A biosynthesis I	0.0000000000
PANTOSYN-PWY: pantothenate and coenzyme A biosynthesis I|g__Phascolarctobacterium.s__Phascolarctobacterium_succinatutens	0.1658224529
HISTSYN-PWY: L-histidine biosynthesis	0.0000000000
1CMET2-PWY: N10-formyl-tetrahydrofolate biosynthesis	0.0000000000
PWY-7456: mannan degradation	0.0000000000
THISYNARA-PWY: superpathway of thiamin diphosphate biosynthesis III (eukaryotes)	0.0000000000
THISYNARA-PWY: superpathway of thiamin diphosphate biosynthesis III (eukaryotes)|g__Faecalibacterium.s__Faecalibacterium_prausnitzii	0.0000061328
PWY-7199: pyrimidine deoxyribonucleosides salvage	0.0000000000
PWY0-1479: tRNA processing	0.0000000000
PWY0-1479: tRNA processing|g__Sutterella.s__Sutterella_wadsworthensis	0.0000090618
PWY-5121: superpathway of geranylgeranyl diphosphate biosynthesis II (via MEP)	0.0000000000
COA-PWY: coenzyme A biosynthesis I	0.0000000000
COA-PWY: coenzyme A biosynthesis I|g__Faecalibacterium.s__Faecalibacterium_prausnitzii	0.0000000000
COA-PWY: coenzyme A biosynthesis I|g__Roseburia.s__Roseburia_intestinalis	0.0000737384
COA-PWY: coenzyme A biosynthesis I|g__Phascolarctobacterium.s__Phascolarctobacterium_succinatutens	0.4553274620
MET-SAM-PWY: superpathway of S-adenosyl-L-methionine biosynthesis	0.0000000000
MET-SAM-PWY: superpathway of S-adenosyl-L-methionine biosynthesis|g__Lachnospiraceae_noname.s__Lachnospiraceae_bacterium_5_1_63FAA	0.0000008788
PWY-6703: preQ0 biosynthesis	0.0000000000
PWY-6703: preQ0 biosynthesis|unclassified	0.0000000000
PWY-6703: preQ0 biosynthesis|g__Eubacterium.s__Eubacterium_ramulus	0.0000000002
PWY-6703: preQ0 biosynthesis|g__Lachnospiraceae_noname.s__Lachnospiraceae_bacterium_5_1_63FAA	0.0000000426
PWY-5188: tetrapyrrole biosynthesis I (from glutamate)	0.0000000000
PWY-5188: tetrapyrrole biosynthesis I (from glutamate)|g__Sutterella.s__Sutterella_wadsworthensis	0.0000000000
PWY-5188: tetrapyrrole biosynthesis I (from glutamate)|g__Blautia.s__Ruminococcus_obeum	0.0172885249
PWY-5347: superpathway of L-methionine biosynthesis (transsulfuration)	0.0000000000
PWY-5347: superpathway of L-methionine biosynthesis (transsulfuration)|g__Lachnospiraceae_noname.s__Lachnospiraceae_bacterium_5_1_63FAA	0.0000013103
METSYN-PWY: L-homoserine and L-methionine biosynthesis	0.0000000000
METSYN-PWY: L-homoserine and L-methionine biosynthesis|g__Lachnospiraceae_noname.s__Lachnospiraceae_bacterium_5_1_63FAA	0.0000011235
P461-PWY: hexitol fermentation to lactate, formate, ethanol and acetate	0.0000000000
P461-PWY: hexitol fermentation to lactate, formate, ethanol and acetate|g__Lachnospiraceae_noname.s__Lachnospiraceae_bacterium_5_1_63FAA	0.0000001443
P461-PWY: hexitol fermentation to lactate, formate, ethanol and acetate|g__Anaerostipes.s__Anaerostipes_hadrus	0.0000000177
PWY0-1297: superpathway of purine deoxyribonucleosides degradation	0.0000000000
PWY0-1297: superpathway of purine deoxyribonucleosides degradation|unclassified	0.0000000000
PWY0-1297: superpathway of purine deoxyribonucleosides degradation|g__Enterobacter.s__Enterobacter_aerogenes	0.1021193362
PWY-6305: putrescine biosynthesis IV	0.0000000000
PWY-6305: putrescine biosynthesis IV|g__Faecalibacterium.s__Faecalibacterium_prausnitzii	0.0000000000
PWY-6305: putrescine biosynthesis IV|g__Blautia.s__Ruminococcus_obeum	0.0000000740
PWY-7400: L-arginine biosynthesis IV (archaebacteria)	0.0000000000
PWY-4242: pantothenate and coenzyme A biosynthesis III	0.0000000000
PWY-4242: pantothenate and coenzyme A biosynthesis III|g__Phascolarctobacterium.s__Phascolarctobacterium_succinatutens	0.4108297656
PWY-4242: pantothenate and coenzyme A biosynthesis III|g__Faecalibacterium.s__Faecalibacterium_prausnitzii	0.0000000000
ARGSYN-PWY: L-arginine biosynthesis I (via L-ornithine)	0.0000000000
PWY-6936: seleno-amino acid biosynthesis	0.0000000000
P161-PWY: acetylene degradation	0.0000000000
P161-PWY: acetylene degradation|unclassified	0.0000000000
P161-PWY: acetylene degradation|g__Enterobacter.s__Enterobacter_aerogenes	0.0254496190
HOMOSER-METSYN-PWY: L-methionine biosynthesis I	0.0000000000
HOMOSER-METSYN-PWY: L-methionine biosynthesis I|g__Lachnospiraceae_noname.s__Lachnospiraceae_bacterium_5_1_63FAA	0.0000330220
PENTOSE-P-PWY: pentose phosphate pathway	0.0000000000
ARGININE-SYN4-PWY: L-ornithine de novo  biosynthesis	0.0000000000
ARGININE-SYN4-PWY: L-ornithine de novo  biosynthesis|g__Bacteroides.s__Bacteroides_fragilis	0.0000000000
PWY-6608: guanosine nucleotides degradation III	0.0000000000
PWY-6608: guanosine nucleotides degradation III|g__Roseburia.s__Roseburia_intestinalis	0.0145218169
HSERMETANA-PWY: L-methionine biosynthesis III	0.0000000000
PWY-3781: aerobic respiration I (cytochrome c)	0.0000000000
PWY-3781: aerobic respiration I (cytochrome c)|unclassified	0.0000000000
ASPASN-PWY: superpathway of L-aspartate and L-asparagine biosynthesis	0.0000000000
ASPASN-PWY: superpathway of L-aspartate and L-asparagine biosynthesis|g__Faecalibacterium.s__Faecalibacterium_prausnitzii	0.0000000000
ASPASN-PWY: superpathway of L-aspartate and L-asparagine biosynthesis|g__Roseburia.s__Roseburia_intestinalis	0.0000000000
PWY0-1298: superpathway of pyrimidine deoxyribonucleosides degradation	0.0000000000
FASYN-ELONG-PWY: fatty acid elongation -- saturated	0.0000000000
SALVADEHYPOX-PWY: adenosine nucleotides degradation II	0.0000000000
SALVADEHYPOX-PWY: adenosine nucleotides degradation II|g__Roseburia.s__Roseburia_intestinalis	0.0123985179
PWYG-321: mycolate biosynthesis	0.0000000000
RHAMCAT-PWY: L-rhamnose degradation I	0.0000000000
RHAMCAT-PWY: L-rhamnose degradation I|g__Faecalibacterium.s__Faecalibacterium_prausnitzii	0.0000000000
PWY-7664: oleate biosynthesis IV (anaerobic)	0.0000000000
PWY-6901: superpathway of glucose and xylose degradation	0.0000000000
COBALSYN-PWY: adenosylcobalamin salvage from cobinamide I	0.0000000000
COBALSYN-PWY: adenosylcobalamin salvage from cobinamide I|g__Roseburia.s__Roseburia_intestinalis	0.0000000000
HEMESYN2-PWY: heme biosynthesis II (anaerobic)	0.0000000000
HEMESYN2-PWY: heme biosynthesis II (anaerobic)|g__Sutterella.s__Sutterella_wadsworthensis	0.0000000000
BIOTIN-BIOSYNTHESIS-PWY: biotin biosynthesis I	0.0000000000
PWY0-862: (5Z)-dodec-5-enoate biosynthesis	0.0000000000
PWY-6282: palmitoleate biosynthesis I (from (5Z)-dodec-5-enoate)	0.0000000000
PWY0-781: aspartate superpathway	0.0000000000
PWY-1269: CMP-3-deoxy-D-manno-octulosonate biosynthesis I	0.0000000000
P4-PWY: superpathway of L-lysine, L-threonine and L-methionine biosynthesis I	0.0000000000
PWY-5083: NAD/NADH phosphorylation and dephosphorylation	0.0000000000
PWY-5989: stearate biosynthesis II (bacteria and plants)	0.0000000000
PWY-6519: 8-amino-7-oxononanoate biosynthesis I	0.0000000000
PWY0-1261: anhydromuropeptides recycling	0.0000000000
PWY-4981: L-proline biosynthesis II (from arginine)	0.0000000000
PWY-4981: L-proline biosynthesis II (from arginine)|g__Eubacterium.s__Eubacterium_ramulus	0.0000000019
FASYN-INITIAL-PWY: superpathway of fatty acid biosynthesis initiation (E. coli)	0.0000000000
DAPLYSINESYN-PWY: L-lysine biosynthesis I	0.0000000000
POLYAMSYN-PWY: superpathway of polyamine biosynthesis I	0.0000000000
PWY-7388: octanoyl-[acyl-carrier protein] biosynthesis (mitochondria, yeast)	0.0000000000
PWY-6969: TCA cycle V (2-oxoglutarate:ferredoxin oxidoreductase)	0.0000000000
ARGSYNBSUB-PWY: L-arginine biosynthesis II (acetyl cycle)	0.0000000000
PWY-6147: 6-hydroxymethyl-dihydropterin diphosphate biosynthesis I	0.0000000000
ARG+POLYAMINE-SYN: superpathway of arginine and polyamine biosynthesis	0.0000000000
PWY-5154: L-arginine biosynthesis III (via N-acetyl-L-citrulline)	0.0000000000
PWY-5505: L-glutamate and L-glutamine biosynthesis	0.0000000000
PWY-7539: 6-hydroxymethyl-dihydropterin diphosphate biosynthesis III (Chlamydia)	0.0000000000
GLUTORN-PWY: L-ornithine biosynthesis	0.0000000000
TCA: TCA cycle I (prokaryotic)	0.0000000000
P185-PWY: formaldehyde assimilation III (dihydroxyacetone cycle)	0.0000000000
PWY66-399: gluconeogenesis III	0.0000000000
FERMENTATION-PWY: mixed acid fermentation	0.0000000000
PWY490-3: nitrate reduction VI (assimilatory)	0.0000000000
FUCCAT-PWY: fucose degradation	0.0000000000
HISDEG-PWY: L-histidine degradation I	0.0000000000
P108-PWY: pyruvate fermentation to propanoate I	0.0000000000
POLYAMINSYN3-PWY: superpathway of polyamine biosynthesis II	0.0000000000
REDCITCYC: TCA cycle VIII (helicobacter)	0.0000000000
P122-PWY: heterolactic fermentation	0.0000000000
PWY-5690: TCA cycle II (plants and fungi)	0.0000000000
NAGLIPASYN-PWY: lipid IVA biosynthesis	0.0000000000
NAGLIPASYN-PWY: lipid IVA biosynthesis|g__Sutterella.s__Sutterella_wadsworthensis	0.0000000000
P42-PWY: incomplete reductive TCA cycle	0.0000000000
PWY-6628: superpathway of L-phenylalanine biosynthesis	0.0000000000
PWY-6630: superpathway of L-tyrosine biosynthesis	0.0000000000
PWY0-1061: superpathway of L-alanine biosynthesis	0.0000000000
PWY-5913: TCA cycle VI (obligate autotrophs)	0.0000000000
LACTOSECAT-PWY: lactose and galactose degradation I	0.0000000000
COLANSYN-PWY: colanic acid building blocks biosynthesis	0.0000000000
PWY-7383: anaerobic energy metabolism (invertebrates, cytosol)	0.0000000000
PWY-5030: L-histidine degradation III	0.0000000000
PWY-7323: superpathway of GDP-mannose-derived O-antigen building blocks biosynthesis	0.0000000000
NAD-BIOSYNTHESIS-II: NAD salvage pathway II	0.0000000000
PWY-5173: superpathway of acetyl-CoA biosynthesis	0.0000000000
PWY-5173: superpathway of acetyl-CoA biosynthesis|g__Enterobacter.s__Enterobacter_aerogenes	0.0038935576
PWY0-1586: peptidoglycan maturation (meso-diaminopimelate containing)	0.0000000000