# Pathway	MSM5LLIC_P_Coverage
UNMAPPED	1.0000000000
UNINTEGRATED	1.0000000000
UNINTEGRATED|g__Akkermansia.s__Akkermansia_muciniphila	1.0000000000
UNINTEGRATED|g__Alistipes.s__Alistipes_finegoldii	1.0000000000
UNINTEGRATED|g__Alistipes.s__Alistipes_onderdonkii	1.0000000000
UNINTEGRATED|g__Alistipes.s__Alistipes_putredinis	1.0000000000
UNINTEGRATED|g__Alistipes.s__Alistipes_shahii	1.0000000000
UNINTEGRATED|g__Bacteroides.s__Bacteroides_caccae	1.0000000000
UNINTEGRATED|g__Bacteroides.s__Bacteroides_cellulosilyticus	1.0000000000
UNINTEGRATED|g__Bacteroides.s__Bacteroides_finegoldii	1.0000000000
UNINTEGRATED|g__Bacteroides.s__Bacteroides_massiliensis	1.0000000000
UNINTEGRATED|g__Bacteroides.s__Bacteroides_ovatus	1.0000000000
UNINTEGRATED|g__Bacteroides.s__Bacteroides_salyersiae	1.0000000000
UNINTEGRATED|g__Bacteroides.s__Bacteroides_sp_4_3_47FAA	1.0000000000
UNINTEGRATED|g__Bacteroides.s__Bacteroides_stercoris	1.0000000000
UNINTEGRATED|g__Bacteroides.s__Bacteroides_thetaiotaomicron	1.0000000000
UNINTEGRATED|g__Bacteroides.s__Bacteroides_uniformis	1.0000000000
UNINTEGRATED|g__Bacteroides.s__Bacteroides_vulgatus	1.0000000000
UNINTEGRATED|g__Barnesiella.s__Barnesiella_intestinihominis	1.0000000000
UNINTEGRATED|g__Bilophila.s__Bilophila_wadsworthia	1.0000000000
UNINTEGRATED|g__Burkholderiales_noname.s__Burkholderiales_bacterium_1_1_47	1.0000000000
UNINTEGRATED|g__Faecalibacterium.s__Faecalibacterium_prausnitzii	1.0000000000
UNINTEGRATED|g__Odoribacter.s__Odoribacter_splanchnicus	1.0000000000
UNINTEGRATED|g__Parabacteroides.s__Parabacteroides_distasonis	1.0000000000
UNINTEGRATED|g__Parabacteroides.s__Parabacteroides_johnsonii	1.0000000000
UNINTEGRATED|g__Parasutterella.s__Parasutterella_excrementihominis	1.0000000000
UNINTEGRATED|g__Roseburia.s__Roseburia_hominis	1.0000000000
UNINTEGRATED|g__Roseburia.s__Roseburia_intestinalis	1.0000000000
UNINTEGRATED|g__Roseburia.s__Roseburia_inulinivorans	1.0000000000
UNINTEGRATED|unclassified	1.0000000000
ANAGLYCOLYSIS-PWY: glycolysis III (from glucose)	1.0000000000
ANAGLYCOLYSIS-PWY: glycolysis III (from glucose)|g__Alistipes.s__Alistipes_shahii	0.9014723067
ANAGLYCOLYSIS-PWY: glycolysis III (from glucose)|g__Bacteroides.s__Bacteroides_ovatus	0.0000000204
ANAGLYCOLYSIS-PWY: glycolysis III (from glucose)|g__Odoribacter.s__Odoribacter_splanchnicus	0.0000000000
PWY-7219: adenosine ribonucleotides de novo biosynthesis	1.0000000000
PWY-7219: adenosine ribonucleotides de novo biosynthesis|g__Bacteroides.s__Bacteroides_massiliensis	1.0000000000
PWY-7219: adenosine ribonucleotides de novo biosynthesis|g__Bacteroides.s__Bacteroides_sp_4_3_47FAA	1.0000000000
PWY-7219: adenosine ribonucleotides de novo biosynthesis|unclassified	0.9999990359
PWY-7219: adenosine ribonucleotides de novo biosynthesis|g__Faecalibacterium.s__Faecalibacterium_prausnitzii	1.0000000000
PWY-7219: adenosine ribonucleotides de novo biosynthesis|g__Bacteroides.s__Bacteroides_vulgatus	0.9985983175
PWY-7219: adenosine ribonucleotides de novo biosynthesis|g__Bacteroides.s__Bacteroides_ovatus	1.0000000000
PWY-7219: adenosine ribonucleotides de novo biosynthesis|g__Parabacteroides.s__Parabacteroides_distasonis	0.0079228912
PWY-7219: adenosine ribonucleotides de novo biosynthesis|g__Bacteroides.s__Bacteroides_finegoldii	0.9870390717
PWY-7219: adenosine ribonucleotides de novo biosynthesis|g__Barnesiella.s__Barnesiella_intestinihominis	0.9645588898
PWY-7219: adenosine ribonucleotides de novo biosynthesis|g__Bacteroides.s__Bacteroides_caccae	0.9778260116
PWY-7219: adenosine ribonucleotides de novo biosynthesis|g__Alistipes.s__Alistipes_finegoldii	0.0000000012
PWY-7219: adenosine ribonucleotides de novo biosynthesis|g__Odoribacter.s__Odoribacter_splanchnicus	0.9945074346
PWY-7219: adenosine ribonucleotides de novo biosynthesis|g__Bacteroides.s__Bacteroides_stercoris	0.4872327228
PWY-7219: adenosine ribonucleotides de novo biosynthesis|g__Roseburia.s__Roseburia_intestinalis	0.9587893447
PWY-7219: adenosine ribonucleotides de novo biosynthesis|g__Bacteroides.s__Bacteroides_cellulosilyticus	0.7445191853
PWY-7219: adenosine ribonucleotides de novo biosynthesis|g__Parabacteroides.s__Parabacteroides_johnsonii	0.0007302497
PWY-7219: adenosine ribonucleotides de novo biosynthesis|g__Bacteroides.s__Bacteroides_thetaiotaomicron	0.9649582472
PWY-7219: adenosine ribonucleotides de novo biosynthesis|g__Bilophila.s__Bilophila_wadsworthia	0.0005413602
PWY-7219: adenosine ribonucleotides de novo biosynthesis|g__Bacteroides.s__Bacteroides_uniformis	0.0000000000
PWY-7219: adenosine ribonucleotides de novo biosynthesis|g__Roseburia.s__Roseburia_hominis	0.3071074767
PWY-7219: adenosine ribonucleotides de novo biosynthesis|g__Bacteroides.s__Bacteroides_salyersiae	0.0000000000
PWY-7219: adenosine ribonucleotides de novo biosynthesis|g__Akkermansia.s__Akkermansia_muciniphila	0.0000000221
PWY-1042: glycolysis IV (plant cytosol)	1.0000000000
PWY-1042: glycolysis IV (plant cytosol)|g__Alistipes.s__Alistipes_shahii	0.0000000000
PWY-1042: glycolysis IV (plant cytosol)|unclassified	0.9938862078
PWY-1042: glycolysis IV (plant cytosol)|g__Barnesiella.s__Barnesiella_intestinihominis	0.0061061041
PWY-1042: glycolysis IV (plant cytosol)|g__Bacteroides.s__Bacteroides_ovatus	0.0000000000
PWY-1042: glycolysis IV (plant cytosol)|g__Bacteroides.s__Bacteroides_finegoldii	0.0735576447
PWY-1042: glycolysis IV (plant cytosol)|g__Bacteroides.s__Bacteroides_caccae	0.0150314622
PWY-1042: glycolysis IV (plant cytosol)|g__Faecalibacterium.s__Faecalibacterium_prausnitzii	0.0000000000
PWY-1042: glycolysis IV (plant cytosol)|g__Odoribacter.s__Odoribacter_splanchnicus	0.0000000000
PWY-1042: glycolysis IV (plant cytosol)|g__Bacteroides.s__Bacteroides_thetaiotaomicron	0.0000000018
PWY-1042: glycolysis IV (plant cytosol)|g__Akkermansia.s__Akkermansia_muciniphila	0.0000045274
PWY-7221: guanosine ribonucleotides de novo biosynthesis	1.0000000000
PWY-7221: guanosine ribonucleotides de novo biosynthesis|g__Bacteroides.s__Bacteroides_massiliensis	0.9609487644
PWY-7221: guanosine ribonucleotides de novo biosynthesis|g__Bacteroides.s__Bacteroides_sp_4_3_47FAA	0.9814817400
PWY-7221: guanosine ribonucleotides de novo biosynthesis|g__Bacteroides.s__Bacteroides_vulgatus	0.0007646926
PWY-7221: guanosine ribonucleotides de novo biosynthesis|g__Parasutterella.s__Parasutterella_excrementihominis	0.8928894893
PWY-7221: guanosine ribonucleotides de novo biosynthesis|g__Burkholderiales_noname.s__Burkholderiales_bacterium_1_1_47	0.0190031875
PWY-7221: guanosine ribonucleotides de novo biosynthesis|g__Parabacteroides.s__Parabacteroides_distasonis	0.0000000000
PWY-7221: guanosine ribonucleotides de novo biosynthesis|g__Bilophila.s__Bilophila_wadsworthia	0.8156777966
PWY-7221: guanosine ribonucleotides de novo biosynthesis|g__Parabacteroides.s__Parabacteroides_johnsonii	0.0000000000
PWY-7221: guanosine ribonucleotides de novo biosynthesis|g__Akkermansia.s__Akkermansia_muciniphila	0.0012757512
CALVIN-PWY: Calvin-Benson-Bassham cycle	0.0000000000
CALVIN-PWY: Calvin-Benson-Bassham cycle|unclassified	0.4520475748
CALVIN-PWY: Calvin-Benson-Bassham cycle|g__Faecalibacterium.s__Faecalibacterium_prausnitzii	0.0000000000
CALVIN-PWY: Calvin-Benson-Bassham cycle|g__Odoribacter.s__Odoribacter_splanchnicus	0.0000000000
NONOXIPENT-PWY: pentose phosphate pathway (non-oxidative branch)	0.9760697276
NONOXIPENT-PWY: pentose phosphate pathway (non-oxidative branch)|g__Roseburia.s__Roseburia_intestinalis	0.1303469481
NONOXIPENT-PWY: pentose phosphate pathway (non-oxidative branch)|unclassified	0.0000000000
NONOXIPENT-PWY: pentose phosphate pathway (non-oxidative branch)|g__Odoribacter.s__Odoribacter_splanchnicus	0.0000000000
NONOXIPENT-PWY: pentose phosphate pathway (non-oxidative branch)|g__Bacteroides.s__Bacteroides_thetaiotaomicron	0.0671138411
NONMEVIPP-PWY: methylerythritol phosphate pathway I	0.0000000001
NONMEVIPP-PWY: methylerythritol phosphate pathway I|g__Alistipes.s__Alistipes_putredinis	0.0000011161
NONMEVIPP-PWY: methylerythritol phosphate pathway I|g__Alistipes.s__Alistipes_finegoldii	0.0062088115
NONMEVIPP-PWY: methylerythritol phosphate pathway I|g__Bacteroides.s__Bacteroides_sp_4_3_47FAA	0.0000000000
NONMEVIPP-PWY: methylerythritol phosphate pathway I|unclassified	0.0000000000
NONMEVIPP-PWY: methylerythritol phosphate pathway I|g__Burkholderiales_noname.s__Burkholderiales_bacterium_1_1_47	0.0003827908
NONMEVIPP-PWY: methylerythritol phosphate pathway I|g__Parasutterella.s__Parasutterella_excrementihominis	0.0024958252
NONMEVIPP-PWY: methylerythritol phosphate pathway I|g__Bacteroides.s__Bacteroides_vulgatus	0.0000000000
NONMEVIPP-PWY: methylerythritol phosphate pathway I|g__Bacteroides.s__Bacteroides_ovatus	0.0000000000
NONMEVIPP-PWY: methylerythritol phosphate pathway I|g__Roseburia.s__Roseburia_intestinalis	0.0000000000
NONMEVIPP-PWY: methylerythritol phosphate pathway I|g__Roseburia.s__Roseburia_hominis	0.0000000000
GLUCONEO-PWY: gluconeogenesis I	0.0000000000
PWY-6163: chorismate biosynthesis from 3-dehydroquinate	0.0000000000
PWY-6163: chorismate biosynthesis from 3-dehydroquinate|g__Alistipes.s__Alistipes_shahii	0.0000000000
PWY-6163: chorismate biosynthesis from 3-dehydroquinate|g__Alistipes.s__Alistipes_finegoldii	0.0000000000
PWY-6163: chorismate biosynthesis from 3-dehydroquinate|unclassified	0.0000000000
PWY-6163: chorismate biosynthesis from 3-dehydroquinate|g__Roseburia.s__Roseburia_hominis	0.0000935574
PWY-6163: chorismate biosynthesis from 3-dehydroquinate|g__Roseburia.s__Roseburia_intestinalis	0.0000000000
PWY-6163: chorismate biosynthesis from 3-dehydroquinate|g__Burkholderiales_noname.s__Burkholderiales_bacterium_1_1_47	0.0000000000
PWY-6163: chorismate biosynthesis from 3-dehydroquinate|g__Parasutterella.s__Parasutterella_excrementihominis	0.0000000000
PWY-2942: L-lysine biosynthesis III	0.0041443301
PWY-2942: L-lysine biosynthesis III|g__Bacteroides.s__Bacteroides_massiliensis	0.0000000000
PWY-2942: L-lysine biosynthesis III|g__Bacteroides.s__Bacteroides_uniformis	0.0000000000
PWY-2942: L-lysine biosynthesis III|g__Parabacteroides.s__Parabacteroides_distasonis	0.0000000000
PWY-2942: L-lysine biosynthesis III|g__Bacteroides.s__Bacteroides_finegoldii	0.0000000000
PWY-2942: L-lysine biosynthesis III|g__Bilophila.s__Bilophila_wadsworthia	0.0007405307
PWY-2942: L-lysine biosynthesis III|g__Bacteroides.s__Bacteroides_stercoris	0.0000000000
PWY-2942: L-lysine biosynthesis III|g__Bacteroides.s__Bacteroides_ovatus	0.0000000000
PWY-2942: L-lysine biosynthesis III|g__Odoribacter.s__Odoribacter_splanchnicus	0.0000000000
PWY-2942: L-lysine biosynthesis III|g__Bacteroides.s__Bacteroides_caccae	0.0000000000
PWY-2942: L-lysine biosynthesis III|g__Akkermansia.s__Akkermansia_muciniphila	0.2518881717
PWY-6737: starch degradation V	0.0000000000
PWY-6737: starch degradation V|unclassified	1.0000000000
PWY-6737: starch degradation V|g__Faecalibacterium.s__Faecalibacterium_prausnitzii	1.0000000000
PWY-6737: starch degradation V|g__Alistipes.s__Alistipes_finegoldii	0.7141765190
PWY-6737: starch degradation V|g__Roseburia.s__Roseburia_intestinalis	0.9986589901
PWY-6737: starch degradation V|g__Roseburia.s__Roseburia_hominis	0.2057171628
PWY-6737: starch degradation V|g__Akkermansia.s__Akkermansia_muciniphila	0.1374286147
PWY-6737: starch degradation V|g__Roseburia.s__Roseburia_inulinivorans	0.0017464308
PWY-3841: folate transformations II	0.0025170370
PWY-3841: folate transformations II|g__Bacteroides.s__Bacteroides_vulgatus	0.0179629775
PWY-3841: folate transformations II|g__Bacteroides.s__Bacteroides_sp_4_3_47FAA	0.0000000000
PWY-3841: folate transformations II|g__Bacteroides.s__Bacteroides_ovatus	0.0005931896
PWY-3841: folate transformations II|g__Bacteroides.s__Bacteroides_finegoldii	0.9971112993
PWY-3841: folate transformations II|unclassified	0.0000000000
PWY-3841: folate transformations II|g__Bacteroides.s__Bacteroides_uniformis	0.0000000002
PWY-3841: folate transformations II|g__Bacteroides.s__Bacteroides_massiliensis	0.0000000000
PWY-3841: folate transformations II|g__Bacteroides.s__Bacteroides_caccae	0.3315348691
PWY-3841: folate transformations II|g__Parabacteroides.s__Parabacteroides_johnsonii	0.0423995205
PWY-3841: folate transformations II|g__Bacteroides.s__Bacteroides_thetaiotaomicron	0.0216947075
PWY-3841: folate transformations II|g__Akkermansia.s__Akkermansia_muciniphila	0.5158003984
PWY-3841: folate transformations II|g__Bacteroides.s__Bacteroides_cellulosilyticus	0.0000000000
PWY-7242: D-fructuronate degradation	0.0000000000
PWY-7242: D-fructuronate degradation|g__Faecalibacterium.s__Faecalibacterium_prausnitzii	1.0000000000
PYRIDNUCSYN-PWY: NAD biosynthesis I (from aspartate)	0.0000000000
PYRIDNUCSYN-PWY: NAD biosynthesis I (from aspartate)|g__Alistipes.s__Alistipes_shahii	0.0000000000
PYRIDNUCSYN-PWY: NAD biosynthesis I (from aspartate)|g__Alistipes.s__Alistipes_finegoldii	0.0000000000
PYRIDNUCSYN-PWY: NAD biosynthesis I (from aspartate)|g__Odoribacter.s__Odoribacter_splanchnicus	0.0000000000
PWY-621: sucrose degradation III (sucrose invertase)	0.0000000000
PWY-621: sucrose degradation III (sucrose invertase)|g__Faecalibacterium.s__Faecalibacterium_prausnitzii	1.0000000000
DTDPRHAMSYN-PWY: dTDP-L-rhamnose biosynthesis I	0.0000000000
DTDPRHAMSYN-PWY: dTDP-L-rhamnose biosynthesis I|g__Alistipes.s__Alistipes_shahii	0.0000000000
DTDPRHAMSYN-PWY: dTDP-L-rhamnose biosynthesis I|g__Faecalibacterium.s__Faecalibacterium_prausnitzii	0.9999999999
DTDPRHAMSYN-PWY: dTDP-L-rhamnose biosynthesis I|g__Bacteroides.s__Bacteroides_ovatus	0.0000000000
PWY-7199: pyrimidine deoxyribonucleosides salvage	0.0000000000
PWY-7199: pyrimidine deoxyribonucleosides salvage|g__Alistipes.s__Alistipes_finegoldii	0.0000000000
PEPTIDOGLYCANSYN-PWY: peptidoglycan biosynthesis I (meso-diaminopimelate containing)	0.0000000000
PEPTIDOGLYCANSYN-PWY: peptidoglycan biosynthesis I (meso-diaminopimelate containing)|g__Parabacteroides.s__Parabacteroides_distasonis	0.0000000000
PEPTIDOGLYCANSYN-PWY: peptidoglycan biosynthesis I (meso-diaminopimelate containing)|g__Faecalibacterium.s__Faecalibacterium_prausnitzii	0.0000000000
PWY-6387: UDP-N-acetylmuramoyl-pentapeptide biosynthesis I (meso-diaminopimelate containing)	0.0000000000
PWY-6387: UDP-N-acetylmuramoyl-pentapeptide biosynthesis I (meso-diaminopimelate containing)|g__Faecalibacterium.s__Faecalibacterium_prausnitzii	0.0000000000
PWY-6387: UDP-N-acetylmuramoyl-pentapeptide biosynthesis I (meso-diaminopimelate containing)|g__Parabacteroides.s__Parabacteroides_distasonis	0.0000000000
PWY-1269: CMP-3-deoxy-D-manno-octulosonate biosynthesis I	0.0000000000
PWY-1269: CMP-3-deoxy-D-manno-octulosonate biosynthesis I|g__Alistipes.s__Alistipes_shahii	0.0000000000
PWY66-399: gluconeogenesis III	0.0000000000
PWY-6123: inosine-5'-phosphate biosynthesis I	0.0000000000
PANTO-PWY: phosphopantothenate biosynthesis I	0.0000000000
PANTO-PWY: phosphopantothenate biosynthesis I|g__Bacteroides.s__Bacteroides_massiliensis	0.0000000000
PANTO-PWY: phosphopantothenate biosynthesis I|g__Parabacteroides.s__Parabacteroides_distasonis	0.0000000000
PANTO-PWY: phosphopantothenate biosynthesis I|g__Bacteroides.s__Bacteroides_sp_4_3_47FAA	0.0000000000
PANTO-PWY: phosphopantothenate biosynthesis I|g__Bacteroides.s__Bacteroides_vulgatus	0.0000000000
PANTO-PWY: phosphopantothenate biosynthesis I|g__Bacteroides.s__Bacteroides_ovatus	0.0000000000
PANTO-PWY: phosphopantothenate biosynthesis I|g__Parabacteroides.s__Parabacteroides_johnsonii	0.0000000000
ARO-PWY: chorismate biosynthesis I	0.0000000000
ARO-PWY: chorismate biosynthesis I|unclassified	0.0000000000
ARO-PWY: chorismate biosynthesis I|g__Alistipes.s__Alistipes_finegoldii	0.0000000000
ARO-PWY: chorismate biosynthesis I|g__Roseburia.s__Roseburia_hominis	0.0001309477
ARO-PWY: chorismate biosynthesis I|g__Roseburia.s__Roseburia_intestinalis	0.0000000000
ARO-PWY: chorismate biosynthesis I|g__Burkholderiales_noname.s__Burkholderiales_bacterium_1_1_47	0.0000000000
TRNA-CHARGING-PWY: tRNA charging	0.0000000000
CITRULBIO-PWY: L-citrulline biosynthesis	0.0000000000
1CMET2-PWY: N10-formyl-tetrahydrofolate biosynthesis	0.0000000000
1CMET2-PWY: N10-formyl-tetrahydrofolate biosynthesis|g__Bacteroides.s__Bacteroides_finegoldii	0.6160811765
PWY-5097: L-lysine biosynthesis VI	0.0000000000
PWY-5097: L-lysine biosynthesis VI|g__Faecalibacterium.s__Faecalibacterium_prausnitzii	0.0000000000
PWY-5097: L-lysine biosynthesis VI|g__Barnesiella.s__Barnesiella_intestinihominis	0.0000000000
PWY-5097: L-lysine biosynthesis VI|g__Bacteroides.s__Bacteroides_massiliensis	0.0000000000
PWY-5686: UMP biosynthesis	0.0000000000
PWY-5686: UMP biosynthesis|g__Alistipes.s__Alistipes_finegoldii	0.0000000000
PWY-5686: UMP biosynthesis|g__Alistipes.s__Alistipes_onderdonkii	0.0000099657
GALACTUROCAT-PWY: D-galacturonate degradation I	0.0000000000
GALACTUROCAT-PWY: D-galacturonate degradation I|g__Faecalibacterium.s__Faecalibacterium_prausnitzii	0.9984433100
PWY-7228: superpathway of guanosine nucleotides de novo biosynthesis I	0.0000000000
PWY-7228: superpathway of guanosine nucleotides de novo biosynthesis I|g__Bacteroides.s__Bacteroides_sp_4_3_47FAA	0.0000000000
PWY-7228: superpathway of guanosine nucleotides de novo biosynthesis I|g__Bacteroides.s__Bacteroides_vulgatus	0.0000000000
PWY-7228: superpathway of guanosine nucleotides de novo biosynthesis I|g__Parasutterella.s__Parasutterella_excrementihominis	0.4571835242
PWY-7228: superpathway of guanosine nucleotides de novo biosynthesis I|g__Burkholderiales_noname.s__Burkholderiales_bacterium_1_1_47	0.0032818485
PWY0-166: superpathway of pyrimidine deoxyribonucleotides de novo biosynthesis (E. coli)	0.0000000000
PWY0-166: superpathway of pyrimidine deoxyribonucleotides de novo biosynthesis (E. coli)|g__Burkholderiales_noname.s__Burkholderiales_bacterium_1_1_47	0.0000005015
PWY0-166: superpathway of pyrimidine deoxyribonucleotides de novo biosynthesis (E. coli)|g__Parasutterella.s__Parasutterella_excrementihominis	0.0000000158
PWY-6385: peptidoglycan biosynthesis III (mycobacteria)	0.0000000000
PWY-6385: peptidoglycan biosynthesis III (mycobacteria)|g__Faecalibacterium.s__Faecalibacterium_prausnitzii	0.0000000000
PWY-724: superpathway of L-lysine, L-threonine and L-methionine biosynthesis II	0.0000000000
PWY-724: superpathway of L-lysine, L-threonine and L-methionine biosynthesis II|g__Faecalibacterium.s__Faecalibacterium_prausnitzii	0.0000000000
ILEUSYN-PWY: L-isoleucine biosynthesis I (from threonine)	0.0000000000
ILEUSYN-PWY: L-isoleucine biosynthesis I (from threonine)|unclassified	0.0000000000
ILEUSYN-PWY: L-isoleucine biosynthesis I (from threonine)|g__Faecalibacterium.s__Faecalibacterium_prausnitzii	0.0000000000
ILEUSYN-PWY: L-isoleucine biosynthesis I (from threonine)|g__Akkermansia.s__Akkermansia_muciniphila	0.1196258729
VALSYN-PWY: L-valine biosynthesis	0.0000000000
VALSYN-PWY: L-valine biosynthesis|unclassified	0.0000000000
VALSYN-PWY: L-valine biosynthesis|g__Faecalibacterium.s__Faecalibacterium_prausnitzii	0.0000000000
VALSYN-PWY: L-valine biosynthesis|g__Akkermansia.s__Akkermansia_muciniphila	0.1196258729
PWY-3001: superpathway of L-isoleucine biosynthesis I	0.0000000000
PWY-3001: superpathway of L-isoleucine biosynthesis I|unclassified	0.0000000000
PWY-3001: superpathway of L-isoleucine biosynthesis I|g__Faecalibacterium.s__Faecalibacterium_prausnitzii	0.0000000000
THRESYN-PWY: superpathway of L-threonine biosynthesis	0.0000000000
THRESYN-PWY: superpathway of L-threonine biosynthesis|unclassified	0.0000000000
THRESYN-PWY: superpathway of L-threonine biosynthesis|g__Faecalibacterium.s__Faecalibacterium_prausnitzii	0.0000000005
COMPLETE-ARO-PWY: superpathway of aromatic amino acid biosynthesis	0.0000000000
COMPLETE-ARO-PWY: superpathway of aromatic amino acid biosynthesis|g__Roseburia.s__Roseburia_intestinalis	0.0000000000
PWY-7229: superpathway of adenosine nucleotides de novo biosynthesis I	0.0000000000
BRANCHED-CHAIN-AA-SYN-PWY: superpathway of branched amino acid biosynthesis	0.0000000000
BRANCHED-CHAIN-AA-SYN-PWY: superpathway of branched amino acid biosynthesis|unclassified	0.0000000000
ASPASN-PWY: superpathway of L-aspartate and L-asparagine biosynthesis	0.0000000000
ASPASN-PWY: superpathway of L-aspartate and L-asparagine biosynthesis|g__Odoribacter.s__Odoribacter_splanchnicus	0.0000000000
RIBOSYN2-PWY: flavin biosynthesis I (bacteria and plants)	0.0000000000
PWY-5030: L-histidine degradation III	0.0000000000
ARGININE-SYN4-PWY: L-ornithine de novo  biosynthesis	0.0000000000
DENOVOPURINE2-PWY: superpathway of purine nucleotides de novo biosynthesis II	0.0000000000
PWY-7111: pyruvate fermentation to isobutanol (engineered)	0.0000000000
PWY-7111: pyruvate fermentation to isobutanol (engineered)|unclassified	0.0000000000
PWY-7111: pyruvate fermentation to isobutanol (engineered)|g__Faecalibacterium.s__Faecalibacterium_prausnitzii	0.0000000000
PWY-6126: superpathway of adenosine nucleotides de novo biosynthesis II	0.0000000000
PWY-5659: GDP-mannose biosynthesis	0.0000000000
PWY-5659: GDP-mannose biosynthesis|g__Bacteroides.s__Bacteroides_ovatus	0.0000000000
PWY-6125: superpathway of guanosine nucleotides de novo biosynthesis II	0.0000000000
PANTOSYN-PWY: pantothenate and coenzyme A biosynthesis I	0.0000000000
PANTOSYN-PWY: pantothenate and coenzyme A biosynthesis I|g__Bacteroides.s__Bacteroides_ovatus	0.0000000000
PWY-7187: pyrimidine deoxyribonucleotides de novo biosynthesis II	0.0000000000
PWY-6121: 5-aminoimidazole ribonucleotide biosynthesis I	0.0000000000
PWY-6121: 5-aminoimidazole ribonucleotide biosynthesis I|unclassified	0.0000000000
PWY-6317: galactose degradation I (Leloir pathway)	0.0000000000
PWY-6317: galactose degradation I (Leloir pathway)|g__Faecalibacterium.s__Faecalibacterium_prausnitzii	0.9994975185
PWY-6317: galactose degradation I (Leloir pathway)|unclassified	0.0000000000
PWY66-422: D-galactose degradation V (Leloir pathway)	0.0000000000
PWY66-422: D-galactose degradation V (Leloir pathway)|g__Faecalibacterium.s__Faecalibacterium_prausnitzii	0.9994975185
PWY66-422: D-galactose degradation V (Leloir pathway)|unclassified	0.0000000000
COA-PWY-1: coenzyme A biosynthesis II (mammalian)	0.0000000000
COA-PWY-1: coenzyme A biosynthesis II (mammalian)|g__Faecalibacterium.s__Faecalibacterium_prausnitzii	0.0000000000
COA-PWY-1: coenzyme A biosynthesis II (mammalian)|g__Bacteroides.s__Bacteroides_ovatus	0.0000000000
PWY-4981: L-proline biosynthesis II (from arginine)	0.0000000000
PWY-6527: stachyose degradation	0.0000000000
PWY-6527: stachyose degradation|g__Faecalibacterium.s__Faecalibacterium_prausnitzii	0.0403432507
PWY-3781: aerobic respiration I (cytochrome c)	0.0000000000
PWY-6122: 5-aminoimidazole ribonucleotide biosynthesis II	0.0000000000
PWY-6122: 5-aminoimidazole ribonucleotide biosynthesis II|unclassified	0.0000000000
PWY-6277: superpathway of 5-aminoimidazole ribonucleotide biosynthesis	0.0000000000
PWY-6277: superpathway of 5-aminoimidazole ribonucleotide biosynthesis|unclassified	0.0000000000
GALACT-GLUCUROCAT-PWY: superpathway of hexuronide and hexuronate degradation	0.0000000000
GALACT-GLUCUROCAT-PWY: superpathway of hexuronide and hexuronate degradation|g__Faecalibacterium.s__Faecalibacterium_prausnitzii	0.0000000000
P162-PWY: L-glutamate degradation V (via hydroxyglutarate)	0.0000000000
P162-PWY: L-glutamate degradation V (via hydroxyglutarate)|unclassified	0.0000000000
COA-PWY: coenzyme A biosynthesis I	0.0000000000
COA-PWY: coenzyme A biosynthesis I|g__Faecalibacterium.s__Faecalibacterium_prausnitzii	0.0000000000
COA-PWY: coenzyme A biosynthesis I|g__Bacteroides.s__Bacteroides_ovatus	0.0000000000
PWY0-1586: peptidoglycan maturation (meso-diaminopimelate containing)	0.0000000000
PWY0-1586: peptidoglycan maturation (meso-diaminopimelate containing)|g__Faecalibacterium.s__Faecalibacterium_prausnitzii	0.0000000000
PWY0-1586: peptidoglycan maturation (meso-diaminopimelate containing)|g__Odoribacter.s__Odoribacter_splanchnicus	0.0000000000
GLUCUROCAT-PWY: superpathway of &beta;-D-glucuronide and D-glucuronate degradation	0.0000000000
GLUCUROCAT-PWY: superpathway of &beta;-D-glucuronide and D-glucuronate degradation|g__Faecalibacterium.s__Faecalibacterium_prausnitzii	0.0000000000
HSERMETANA-PWY: L-methionine biosynthesis III	0.0000000000
PWY-7220: adenosine deoxyribonucleotides de novo biosynthesis II	0.0000000000
PWY-7222: guanosine deoxyribonucleotides de novo biosynthesis II	0.0000000000
COBALSYN-PWY: adenosylcobalamin salvage from cobinamide I	0.0000000000
COBALSYN-PWY: adenosylcobalamin salvage from cobinamide I|g__Faecalibacterium.s__Faecalibacterium_prausnitzii	0.0000000000
PWY-7282: 4-amino-2-methyl-5-phosphomethylpyrimidine biosynthesis (yeast)	0.0000000000
PWY-7282: 4-amino-2-methyl-5-phosphomethylpyrimidine biosynthesis (yeast)|g__Bacteroides.s__Bacteroides_ovatus	0.0000000000
HISTSYN-PWY: L-histidine biosynthesis	0.0000000000
HISTSYN-PWY: L-histidine biosynthesis|g__Bacteroides.s__Bacteroides_thetaiotaomicron	0.0000003059
PWY-5695: urate biosynthesis/inosine 5'-phosphate degradation	0.0000000000
PWY-5695: urate biosynthesis/inosine 5'-phosphate degradation|g__Roseburia.s__Roseburia_intestinalis	0.0000000038
PRPP-PWY: superpathway of histidine, purine, and pyrimidine biosynthesis	0.0000000000
RHAMCAT-PWY: L-rhamnose degradation I	0.0000000000
RHAMCAT-PWY: L-rhamnose degradation I|g__Bacteroides.s__Bacteroides_ovatus	0.0000000257
RHAMCAT-PWY: L-rhamnose degradation I|g__Bacteroides.s__Bacteroides_finegoldii	0.0000000000
PWY0-1479: tRNA processing	0.0000000000
PWY0-1479: tRNA processing|g__Burkholderiales_noname.s__Burkholderiales_bacterium_1_1_47	0.0000035568
PWY0-1479: tRNA processing|g__Parasutterella.s__Parasutterella_excrementihominis	0.0000021755
FASYN-ELONG-PWY: fatty acid elongation -- saturated	0.0000000000
PWY-7663: gondoate biosynthesis (anaerobic)	0.0000000000
UDPNAGSYN-PWY: UDP-N-acetyl-D-glucosamine biosynthesis I	0.0000000000
PWY0-162: superpathway of pyrimidine ribonucleotides de novo biosynthesis	0.0000000000
PWYG-321: mycolate biosynthesis	0.0000000000
ANAEROFRUCAT-PWY: homolactic fermentation	0.0000000000
PWY-5971: palmitate biosynthesis II (bacteria and plants)	0.0000000000
THISYNARA-PWY: superpathway of thiamin diphosphate biosynthesis III (eukaryotes)	0.0000000000
PWY0-1261: anhydromuropeptides recycling	0.0000000000
PWY-6608: guanosine nucleotides degradation III	0.0000000000
P164-PWY: purine nucleobases degradation I (anaerobic)	0.0000000000
PWY-6595: superpathway of guanosine nucleotides degradation (plants)	0.0000000000
OANTIGEN-PWY: O-antigen building blocks biosynthesis (E. coli)	0.0000000000
GLYCOLYSIS: glycolysis I (from glucose 6-phosphate)	0.0000000000
PWY-5484: glycolysis II (from fructose 6-phosphate)	0.0000000000
PWY-6606: guanosine nucleotides degradation II	0.0000000000
PWY66-400: glycolysis VI (metazoan)	0.0000000000
PWY66-400: glycolysis VI (metazoan)|g__Bacteroides.s__Bacteroides_ovatus	0.0000000000
P441-PWY: superpathway of N-acetylneuraminate degradation	0.0000000000
P108-PWY: pyruvate fermentation to propanoate I	0.0000000000
PWY-7371: 1,4-dihydroxy-6-naphthoate biosynthesis II	0.0000000000
PWY-7371: 1,4-dihydroxy-6-naphthoate biosynthesis II|g__Alistipes.s__Alistipes_finegoldii	0.0000000000
PWY-6305: putrescine biosynthesis IV	0.0000000000
PWY-6305: putrescine biosynthesis IV|g__Faecalibacterium.s__Faecalibacterium_prausnitzii	0.0000000000
PWY-6305: putrescine biosynthesis IV|g__Odoribacter.s__Odoribacter_splanchnicus	0.0000000000
PWY-7208: superpathway of pyrimidine nucleobases salvage	0.0000000000
PWY4LZ-257: superpathway of fermentation (Chlamydomonas reinhardtii)	0.0000000000
PWY-6113: superpathway of mycolate biosynthesis	0.0000000000
PWY0-1298: superpathway of pyrimidine deoxyribonucleosides degradation	0.0000000000
GLCMANNANAUT-PWY: superpathway of N-acetylglucosamine, N-acetylmannosamine and N-acetylneuraminate degradation	0.0000000000
TCA: TCA cycle I (prokaryotic)	0.0000000000
PWY-6969: TCA cycle V (2-oxoglutarate:ferredoxin oxidoreductase)	0.0000000000
SER-GLYSYN-PWY: superpathway of L-serine and glycine biosynthesis I	0.0000000000
SER-GLYSYN-PWY: superpathway of L-serine and glycine biosynthesis I|unclassified	0.0000000000
FAO-PWY: fatty acid &beta;-oxidation I	0.0000000000
PWY-5384: sucrose degradation IV (sucrose phosphorylase)	0.0000000000
PWY-6282: palmitoleate biosynthesis I (from (5Z)-dodec-5-enoate)	0.0000000000
PWY-5989: stearate biosynthesis II (bacteria and plants)	0.0000000000
PWY-5973: cis-vaccenate biosynthesis	0.0000000000
KETOGLUCONMET-PWY: ketogluconate metabolism	0.0000000000
PWY-5347: superpathway of L-methionine biosynthesis (transsulfuration)	0.0000000000
METSYN-PWY: L-homoserine and L-methionine biosynthesis	0.0000000000
PWY-4041: &gamma;-glutamyl cycle	0.0000000000
HOMOSER-METSYN-PWY: L-methionine biosynthesis I	0.0000000000
GLUCOSE1PMETAB-PWY: glucose and glucose-1-phosphate degradation	0.0000000000